"Date","Price","Open","High","Low","Vol.","Change %"
"27/05/2022","1,724.30","1,793.19","1,820.82","1,708.62","1.57M","-3.85%"
"28/05/2022","1,792.68","1,724.67","1,807.79","1,722.88","658.23K","3.97%"
"29/05/2022","1,813.56","1,792.25","1,824.81","1,764.72","554.58K","1.16%"
"30/05/2022","1,998.46","1,813.56","2,009.95","1,804.33","1.04M","10.20%"
"31/05/2022","1,941.79","1,998.46","2,015.02","1,928.93","933.24K","-2.84%"
"01/06/2022","1,818.07","1,941.81","1,971.22","1,770.85","1.29M","-6.37%"
"02/06/2022","1,834.64","1,817.98","1,851.25","1,784.23","975.53K","0.91%"
"03/06/2022","1,775.29","1,834.66","1,843.31","1,740.83","884.53K","-3.24%"
"04/06/2022","1,804.37","1,775.28","1,815.19","1,748.89","442.10K","1.64%"
"05/06/2022","1,806.71","1,804.60","1,829.25","1,773.65","437.73K","0.13%"
"06/06/2022","1,859.99","1,806.11","1,919.40","1,804.77","939.37K","2.95%"
"07/06/2022","1,813.72","1,859.99","1,870.99","1,727.77","1.64M","-2.49%"
"08/06/2022","1,793.00","1,813.05","1,837.41","1,766.94","1.09M","-1.14%"
"09/06/2022","1,788.06","1,792.81","1,832.70","1,778.00","625.76K","-0.28%"
"10/06/2022","1,663.02","1,788.15","1,803.54","1,657.30","1.13M","-6.99%"
"11/06/2022","1,531.42","1,663.04","1,681.58","1,503.15","1.44M","-7.91%"
"12/06/2022","1,435.46","1,531.50","1,542.01","1,430.93","1.82M","-6.27%"
"13/06/2022","1,206.67","1,434.43","1,454.07","1,168.68","4.39M","-15.94%"
"14/06/2022","1,210.84","1,206.67","1,261.39","1,078.11","3.27M","0.35%"
"15/06/2022","1,237.92","1,208.82","1,244.80","1,016.99","3.73M","2.24%"
"16/06/2022","1,068.49","1,237.92","1,254.28","1,052.65","1.76M","-13.69%"
"17/06/2022","1,086.47","1,068.49","1,116.46","1,052.17","1.45M","1.68%"
"18/06/2022","995.61","1,086.47","1,096.93","883.35","2.77M","-8.36%"
"19/06/2022","1,128.39","995.49","1,152.07","938.24","2.42M","13.34%"
"20/06/2022","1,128.32","1,128.39","1,165.62","1,056.58","2.04M","-0.01%"
"21/06/2022","1,125.96","1,128.29","1,192.27","1,110.63","1.60M","-0.21%"
"22/06/2022","1,049.02","1,125.96","1,127.06","1,045.37","1.58M","-6.83%"
"23/06/2022","1,144.19","1,049.02","1,152.97","1,046.57","1.57M","9.07%"
"24/06/2022","1,225.03","1,144.33","1,244.82","1,132.87","1.66M","7.07%"
"25/06/2022","1,241.76","1,224.96","1,255.55","1,181.11","1.03M","1.37%"
"26/06/2022","1,198.03","1,241.80","1,276.81","1,196.20","1.13M","-3.52%"
"27/06/2022","1,190.84","1,198.03","1,237.14","1,176.77","1.07M","-0.60%"
"28/06/2022","1,143.97","1,191.02","1,234.96","1,137.57","1.32M","-3.94%"
"29/06/2022","1,099.51","1,143.95","1,155.02","1,088.10","1.54M","-3.89%"
"30/06/2022","1,069.05","1,099.51","1,105.88","1,000.77","1.71M","-2.77%"
"01/07/2022","1,058.94","1,069.13","1,110.25","1,035.79","1.89M","-0.95%"
"02/07/2022","1,066.60","1,059.05","1,077.66","1,029.03","865.06K","0.72%"
"03/07/2022","1,074.08","1,066.60","1,086.90","1,041.82","755.27K","0.70%"
"04/07/2022","1,151.19","1,074.07","1,159.76","1,045.97","1.35M","7.18%"
"05/07/2022","1,133.90","1,151.19","1,170.97","1,079.36","1.59M","-1.50%"
"06/07/2022","1,186.45","1,133.87","1,202.09","1,112.02","1.42M","4.63%"
"07/07/2022","1,238.15","1,186.48","1,252.69","1,163.85","1.18M","4.36%"
"08/07/2022","1,216.33","1,238.10","1,275.69","1,194.15","1.45M","-1.76%"
"09/07/2022","1,216.94","1,216.26","1,232.69","1,205.26","644.47K","0.05%"
"10/07/2022","1,167.35","1,216.94","1,219.26","1,155.25","1.12M","-4.07%"
"11/07/2022","1,096.43","1,167.35","1,170.63","1,093.28","1.34M","-6.08%"
"12/07/2022","1,038.56","1,096.41","1,097.75","1,035.82","1.49M","-5.28%"
"13/07/2022","1,115.83","1,038.60","1,116.51","1,012.29","2.48M","7.44%"
"14/07/2022","1,192.75","1,115.80","1,210.17","1,072.58","1.86M","6.89%"
"15/07/2022","1,231.03","1,192.83","1,284.76","1,182.22","1.74M","3.21%"
"16/07/2022","1,356.08","1,231.03","1,399.16","1,192.18","1.77M","10.16%"
"17/07/2022","1,337.85","1,356.00","1,385.23","1,323.23","1.41M","-1.34%"
"18/07/2022","1,584.77","1,337.92","1,590.95","1,336.75","2.37M","18.46%"
"19/07/2022","1,543.50","1,584.33","1,620.35","1,494.88","2.18M","-2.60%"
"20/07/2022","1,520.64","1,543.45","1,618.43","1,488.73","1.65M","-1.48%"
"21/07/2022","1,575.68","1,520.66","1,600.35","1,465.93","1.55M","3.62%"
"22/07/2022","1,534.85","1,575.68","1,644.99","1,520.36","1.43M","-2.59%"
"23/07/2022","1,549.61","1,534.85","1,596.02","1,490.35","1.03M","0.96%"
"24/07/2022","1,598.19","1,549.61","1,659.93","1,547.70","1.18M","3.14%"
"25/07/2022","1,438.52","1,598.19","1,608.06","1,438.50","1.65M","-9.99%"
"26/07/2022","1,450.70","1,438.76","1,451.46","1,357.70","1.42M","0.85%"
"27/07/2022","1,636.01","1,449.65","1,643.70","1,421.17","1.80M","12.77%"
"28/07/2022","1,726.01","1,635.99","1,781.39","1,597.67","1.87M","5.50%"
"29/07/2022","1,720.77","1,725.97","1,764.74","1,658.26","1.44M","-0.30%"
"30/07/2022","1,695.97","1,720.80","1,741.34","1,674.42","891.42K","-1.44%"
"31/07/2022","1,680.00","1,695.99","1,752.94","1,667.41","822.23K","-0.94%"
"01/08/2022","1,630.10","1,679.98","1,702.81","1,607.29","959.53K","-2.97%"
"02/08/2022","1,631.48","1,630.07","1,675.51","1,560.17","1.25M","0.08%"
"03/08/2022","1,618.08","1,631.46","1,682.23","1,591.60","906.08K","-0.82%"
"04/08/2022","1,606.94","1,618.07","1,661.15","1,581.18","881.56K","-0.69%"
"05/08/2022","1,737.71","1,607.00","1,740.33","1,605.71","1.21M","8.14%"
"06/08/2022","1,690.27","1,737.66","1,749.33","1,687.74","696.11K","-2.73%"
"07/08/2022","1,700.29","1,690.29","1,728.97","1,669.39","530.48K","0.59%"
"08/08/2022","1,778.42","1,700.26","1,813.45","1,694.69","951.02K","4.59%"
"09/08/2022","1,702.80","1,778.15","1,789.55","1,668.79","960.58K","-4.25%"
"10/08/2022","1,853.46","1,702.80","1,881.39","1,657.78","1.52M","8.85%"
"11/08/2022","1,880.28","1,853.50","1,931.06","1,850.72","1.31M","1.45%"
"12/08/2022","1,957.63","1,880.30","1,961.83","1,856.64","834.69K","4.11%"
"13/08/2022","1,983.50","1,957.62","2,018.97","1,946.65","798.08K","1.32%"
"14/08/2022","1,935.10","1,983.52","2,028.40","1,909.19","662.15K","-2.44%"
"15/08/2022","1,900.25","1,935.10","2,012.02","1,873.70","1.09M","-1.80%"
"16/08/2022","1,876.70","1,900.08","1,914.06","1,856.44","725.78K","-1.24%"
"17/08/2022","1,834.18","1,876.69","1,956.54","1,821.00","1.10M","-2.27%"
"18/08/2022","1,846.51","1,834.19","1,880.22","1,822.04","675.27K","0.67%"
"19/08/2022","1,609.48","1,846.52","1,846.97","1,607.60","1.59M","-12.84%"
"20/08/2022","1,575.60","1,609.01","1,654.84","1,525.51","1.01M","-2.11%"
"21/08/2022","1,618.25","1,575.61","1,644.88","1,563.92","852.07K","2.71%"
"22/08/2022","1,626.75","1,618.21","1,627.13","1,531.91","1.04M","0.53%"
"23/08/2022","1,664.89","1,626.70","1,672.63","1,564.37","1.05M","2.34%"
"24/08/2022","1,656.64","1,665.30","1,691.25","1,606.06","827.20K","-0.50%"
"25/08/2022","1,695.37","1,656.64","1,720.84","1,654.77","677.67K","2.34%"
"26/08/2022","1,508.08","1,695.38","1,703.32","1,490.67","1.34M","-11.05%"
"27/08/2022","1,490.83","1,508.32","1,518.14","1,449.31","866.82K","-1.14%"
"28/08/2022","1,426.25","1,490.88","1,507.92","1,424.69","633.35K","-4.33%"
"29/08/2022","1,552.60","1,426.25","1,559.46","1,424.33","931.76K","8.86%"
"30/08/2022","1,523.34","1,552.56","1,605.30","1,475.68","1.14M","-1.88%"
"31/08/2022","1,555.12","1,523.39","1,617.09","1,523.39","1.07M","2.09%"
"01/09/2022","1,585.48","1,554.57","1,597.48","1,514.75","823.90K","1.95%"
"02/09/2022","1,575.34","1,585.55","1,647.50","1,547.68","1.04M","-0.64%"
"03/09/2022","1,557.55","1,575.31","1,581.37","1,535.98","378.79K","-1.13%"
"04/09/2022","1,578.89","1,557.35","1,580.81","1,541.16","339.06K","1.37%"
"05/09/2022","1,617.07","1,578.90","1,628.77","1,557.66","571.75K","2.42%"
"06/09/2022","1,557.85","1,617.40","1,686.23","1,556.09","1.18M","-3.66%"
"07/09/2022","1,629.51","1,557.85","1,657.05","1,493.19","976.59K","4.60%"
"08/09/2022","1,634.85","1,629.63","1,660.56","1,595.90","772.84K","0.33%"
"09/09/2022","1,718.81","1,635.33","1,743.47","1,631.17","969.87K","5.14%"
"10/09/2022","1,774.38","1,718.84","1,788.10","1,707.81","470.19K","3.23%"
"11/09/2022","1,766.93","1,774.38","1,786.73","1,722.62","467.42K","-0.42%"
"12/09/2022","1,716.42","1,766.99","1,782.74","1,694.08","727.78K","-2.86%"
"13/09/2022","1,574.47","1,716.45","1,751.50","1,562.30","1.30M","-8.27%"
"14/09/2022","1,637.92","1,574.41","1,646.09","1,556.97","858.28K","4.03%"
"15/09/2022","1,472.64","1,637.89","1,653.55","1,461.16","1.66M","-10.09%"
"16/09/2022","1,434.01","1,472.63","1,483.43","1,410.90","829.01K","-2.62%"
"17/09/2022","1,468.79","1,434.01","1,475.05","1,409.65","483.78K","2.43%"
"18/09/2022","1,335.01","1,468.76","1,469.21","1,327.21","934.28K","-9.11%"
"19/09/2022","1,376.00","1,334.82","1,391.50","1,284.50","1.11M","3.07%"
"20/09/2022","1,323.33","1,375.96","1,384.39","1,315.03","765.14K","-3.83%"
"21/09/2022","1,247.74","1,323.34","1,388.38","1,222.29","1.39M","-5.71%"
"22/09/2022","1,326.44","1,247.64","1,346.38","1,237.96","1.11M","6.31%"
"23/09/2022","1,327.96","1,326.12","1,356.74","1,264.91","1.16M","0.11%"
"24/09/2022","1,317.00","1,327.91","1,348.91","1,307.96","559.42K","-0.83%"
"25/09/2022","1,294.26","1,317.01","1,335.73","1,271.87","579.09K","-1.73%"
"26/09/2022","1,337.06","1,294.24","1,339.17","1,279.71","1.05M","3.31%"
"27/09/2022","1,328.23","1,337.07","1,399.67","1,305.49","1.00M","-0.66%"
"28/09/2022","1,337.37","1,328.23","1,354.75","1,261.29","1.08M","0.69%"
"29/09/2022","1,336.08","1,337.34","1,351.61","1,289.66","871.66K","-0.10%"
"30/09/2022","1,328.73","1,336.05","1,372.44","1,316.62","866.63K","-0.55%"
"01/10/2022","1,311.80","1,328.73","1,333.61","1,303.22","293.02K","-1.27%"
"02/10/2022","1,275.74","1,311.80","1,317.41","1,272.38","432.45K","-2.75%"
"03/10/2022","1,323.41","1,277.02","1,329.16","1,266.86","604.19K","3.74%"
"04/10/2022","1,361.48","1,323.37","1,367.30","1,318.87","550.05K","2.88%"
"05/10/2022","1,352.07","1,361.51","1,364.03","1,317.58","564.42K","-0.69%"
"06/10/2022","1,352.27","1,352.07","1,383.02","1,347.78","680.65K","0.01%"
"07/10/2022","1,330.99","1,352.17","1,361.26","1,319.17","574.76K","-1.57%"
"08/10/2022","1,315.05","1,331.07","1,336.69","1,304.08","227.70K","-1.20%"
"09/10/2022","1,323.41","1,315.08","1,328.55","1,308.15","210.50K","0.64%"
"10/10/2022","1,290.04","1,323.17","1,337.58","1,288.68","451.44K","-2.52%"
"11/10/2022","1,279.97","1,290.00","1,297.59","1,269.35","498.63K","-0.78%"
"12/10/2022","1,294.57","1,279.97","1,304.45","1,275.77","418.57K","1.14%"
"13/10/2022","1,287.34","1,294.56","1,299.74","1,196.63","1.09M","-0.56%"
"14/10/2022","1,296.74","1,287.33","1,342.01","1,284.08","734.03K","0.73%"
"15/10/2022","1,274.57","1,296.74","1,301.48","1,264.86","321.11K","-1.71%"
"16/10/2022","1,305.95","1,274.93","1,314.52","1,274.66","333.15K","2.46%"
"17/10/2022","1,331.12","1,305.95","1,338.39","1,296.45","498.15K","1.93%"
"18/10/2022","1,310.81","1,331.40","1,341.21","1,287.58","625.85K","-1.53%"
"19/10/2022","1,285.32","1,310.81","1,313.46","1,282.44","406.74K","-1.94%"
"20/10/2022","1,282.87","1,285.33","1,310.47","1,272.79","483.19K","-0.19%"
"21/10/2022","1,299.76","1,282.87","1,306.27","1,257.83","525.54K","1.32%"
"22/10/2022","1,313.64","1,299.76","1,318.84","1,294.61","244.20K","1.07%"
"23/10/2022","1,363.92","1,313.64","1,370.91","1,301.80","473.61K","3.83%"
"24/10/2022","1,343.88","1,364.19","1,369.35","1,324.25","665.58K","-1.47%"
"25/10/2022","1,459.60","1,343.88","1,522.06","1,335.38","1.28M","8.61%"
"26/10/2022","1,566.16","1,459.60","1,590.23","1,458.61","1.43M","7.30%"
"27/10/2022","1,514.19","1,566.18","1,575.90","1,508.24","1.02M","-3.32%"
"28/10/2022","1,554.47","1,514.14","1,572.66","1,489.99","966.35K","2.66%"
"29/10/2022","1,619.69","1,554.47","1,660.13","1,548.83","1.05M","4.20%"
"30/10/2022","1,590.47","1,619.67","1,638.60","1,577.35","542.49K","-1.80%"
"31/10/2022","1,572.89","1,590.47","1,634.17","1,550.72","938.65K","-1.11%"
"01/11/2022","1,579.64","1,572.89","1,609.10","1,564.69","593.31K","0.43%"
"02/11/2022","1,519.04","1,579.59","1,618.82","1,503.29","1.14M","-3.84%"
"03/11/2022","1,531.08","1,518.99","1,558.75","1,515.75","631.90K","0.79%"
"04/11/2022","1,645.01","1,531.06","1,666.17","1,528.60","1.07M","7.44%"
"05/11/2022","1,627.07","1,645.03","1,664.42","1,623.48","404.02K","-1.09%"
"06/11/2022","1,570.86","1,626.86","1,637.44","1,565.79","464.26K","-3.45%"
"07/11/2022","1,567.57","1,570.71","1,608.06","1,547.29","719.30K","-0.21%"
"08/11/2022","1,335.25","1,567.54","1,576.10","1,241.18","2.87M","-14.82%"
"09/11/2022","1,100.84","1,335.26","1,337.19","1,076.29","2.92M","-17.56%"
"10/11/2022","1,299.15","1,100.86","1,346.92","1,089.01","2.19M","18.01%"
"11/11/2022","1,288.63","1,299.21","1,307.16","1,203.04","1.45M","-0.81%"
"12/11/2022","1,256.29","1,288.71","1,291.39","1,239.34","602.58K","-2.51%"
"13/11/2022","1,221.47","1,256.29","1,274.24","1,205.61","597.25K","-2.77%"
"14/11/2022","1,242.64","1,221.47","1,289.01","1,175.42","1.01M","1.73%"
"15/11/2022","1,253.45","1,242.64","1,289.21","1,235.39","686.18K","0.87%"
"16/11/2022","1,206.16","1,253.45","1,267.62","1,188.76","705.31K","-3.77%"
"17/11/2022","1,205.17","1,206.16","1,227.73","1,185.58","567.61K","-0.08%"
"18/11/2022","1,207.31","1,206.99","1,225.39","1,201.47","388.69K","0.18%"
"19/11/2022","1,217.65","1,208.92","1,231.15","1,207.34","225.46K","0.86%"
"20/11/2022","1,142.88","1,217.65","1,226.14","1,135.57","564.89K","-6.14%"
"21/11/2022","1,107.46","1,142.88","1,143.96","1,081.96","981.81K","-3.10%"
"22/11/2022","1,139.74","1,107.46","1,141.58","1,077.85","815.18K","2.91%"
"23/11/2022","1,185.79","1,139.74","1,189.17","1,128.53","688.96K","4.04%"
"24/11/2022","1,203.77","1,185.70","1,217.38","1,180.91","544.83K","1.52%"
"25/11/2022","1,198.12","1,203.77","1,204.75","1,172.63","426.96K","-0.47%"
"26/11/2022","1,205.15","1,198.12","1,229.20","1,196.93","413.09K","0.59%"
"27/11/2022","1,193.38","1,205.17","1,222.83","1,191.09","306.64K","-0.98%"
"28/11/2022","1,167.73","1,193.38","1,199.06","1,151.98","518.17K","-2.15%"
"29/11/2022","1,216.55","1,167.73","1,226.35","1,159.72","549.93K","4.18%"
"30/11/2022","1,294.41","1,216.54","1,304.97","1,213.44","858.51K","6.40%"
"01/12/2022","1,276.05","1,294.40","1,295.82","1,263.58","453.59K","-1.42%"
"02/12/2022","1,295.69","1,276.05","1,295.80","1,266.16","393.37K","1.54%"
"03/12/2022","1,240.46","1,295.69","1,302.61","1,237.81","373.79K","-4.26%"
"04/12/2022","1,279.74","1,240.46","1,284.24","1,240.14","344.96K","3.17%"
"05/12/2022","1,259.56","1,279.21","1,303.92","1,248.69","430.54K","-1.58%"
"06/12/2022","1,271.26","1,259.56","1,273.92","1,243.66","342.16K","0.93%"
"07/12/2022","1,231.04","1,271.24","1,275.30","1,221.10","422.12K","-3.16%"
"08/12/2022","1,280.29","1,231.04","1,289.87","1,223.27","447.07K","4.00%"
"09/12/2022","1,262.86","1,280.29","1,291.11","1,257.00","437.55K","-1.36%"
"10/12/2022","1,266.62","1,262.88","1,281.24","1,260.05","193.32K","0.30%"
"11/12/2022","1,263.42","1,266.36","1,282.86","1,258.53","192.46K","-0.25%"
"12/12/2022","1,275.02","1,263.42","1,278.37","1,241.45","395.62K","0.92%"
"13/12/2022","1,320.76","1,275.49","1,345.07","1,255.82","717.71K","3.59%"
"14/12/2022","1,307.30","1,320.76","1,348.43","1,302.76","614.31K","-1.02%"
"15/12/2022","1,266.32","1,307.29","1,311.07","1,260.89","446.34K","-3.13%"
"16/12/2022","1,166.70","1,266.32","1,279.27","1,156.91","829.23K","-7.87%"
"17/12/2022","1,187.18","1,166.70","1,189.21","1,162.76","363.23K","1.75%"
"18/12/2022","1,182.70","1,187.19","1,196.55","1,172.82","272.63K","-0.38%"
"19/12/2022","1,167.80","1,182.70","1,194.47","1,152.54","337.02K","-1.26%"
"20/12/2022","1,217.20","1,167.80","1,228.97","1,163.57","497.61K","4.23%"
"21/12/2022","1,213.85","1,217.19","1,218.69","1,205.48","269.18K","-0.28%"
"22/12/2022","1,217.57","1,213.99","1,229.47","1,185.27","383.63K","0.31%"
"23/12/2022","1,220.03","1,217.59","1,228.46","1,212.97","301.17K","0.20%"
"24/12/2022","1,220.46","1,220.03","1,226.20","1,214.76","131.51K","0.04%"
"25/12/2022","1,218.69","1,220.46","1,223.82","1,201.20","256.52K","-0.15%"
"26/12/2022","1,227.65","1,218.69","1,230.37","1,213.08","177.66K","0.73%"
"27/12/2022","1,211.60","1,228.22","1,233.15","1,202.02","290.02K","-1.31%"
"28/12/2022","1,189.98","1,211.60","1,214.32","1,184.22","407.45K","-1.78%"
"29/12/2022","1,200.84","1,189.99","1,205.34","1,187.19","272.59K","0.91%"
"30/12/2022","1,199.80","1,200.84","1,202.13","1,186.10","285.77K","-0.09%"
"31/12/2022","1,195.67","1,200.00","1,207.71","1,193.16","150.20K","-0.34%"
"01/01/2023","1,200.52","1,195.69","1,204.12","1,191.67","126.62K","0.41%"
"02/01/2023","1,213.93","1,200.52","1,220.76","1,193.77","270.72K","1.12%"
"03/01/2023","1,214.57","1,213.93","1,219.75","1,206.83","219.98K","0.05%"
"04/01/2023","1,256.92","1,214.57","1,266.97","1,212.91","504.28K","3.49%"
"05/01/2023","1,250.95","1,256.92","1,259.08","1,242.93","289.49K","-0.47%"
"06/01/2023","1,269.14","1,250.95","1,274.85","1,240.38","369.54K","1.45%"
"07/01/2023","1,263.90","1,269.14","1,270.95","1,261.46","141.94K","-0.41%"
"08/01/2023","1,288.38","1,263.91","1,289.13","1,259.15","231.75K","1.94%"
"09/01/2023","1,320.51","1,288.39","1,344.39","1,285.97","629.22K","2.49%"
"10/01/2023","1,335.13","1,320.51","1,344.42","1,316.95","487.24K","1.11%"
"11/01/2023","1,389.84","1,335.14","1,392.40","1,322.10","509.99K","4.10%"
"12/01/2023","1,416.08","1,389.84","1,435.95","1,365.78","960.62K","1.89%"
"13/01/2023","1,450.86","1,416.08","1,463.53","1,401.98","552.05K","2.46%"
"14/01/2023","1,550.02","1,450.86","1,576.83","1,449.47","1.03M","6.83%"
"15/01/2023","1,552.69","1,550.05","1,564.34","1,517.40","411.43K","0.17%"
"16/01/2023","1,576.94","1,552.69","1,598.18","1,526.40","617.00K","1.56%"
"17/01/2023","1,564.67","1,576.94","1,603.32","1,544.45","536.73K","-0.78%"
"18/01/2023","1,511.31","1,564.66","1,604.74","1,505.37","801.71K","-3.41%"
"19/01/2023","1,551.62","1,511.35","1,560.70","1,510.65","329.04K","2.67%"
"20/01/2023","1,659.98","1,551.12","1,662.26","1,543.21","472.15K","6.98%"
"21/01/2023","1,625.53","1,659.96","1,678.27","1,622.89","523.34K","-2.08%"
"22/01/2023","1,627.03","1,626.66","1,662.13","1,609.32","456.36K","0.09%"
"23/01/2023","1,626.53","1,627.04","1,643.82","1,591.90","436.57K","-0.03%"
"24/01/2023","1,556.15","1,626.52","1,641.17","1,539.51","493.47K","-4.33%"
"25/01/2023","1,611.20","1,555.97","1,638.97","1,523.71","681.59K","3.54%"
"26/01/2023","1,602.55","1,611.20","1,629.89","1,581.76","552.26K","-0.54%"
"27/01/2023","1,597.60","1,602.54","1,620.15","1,560.21","533.75K","-0.31%"
"28/01/2023","1,573.07","1,597.61","1,605.96","1,561.24","332.62K","-1.54%"
"29/01/2023","1,645.97","1,572.13","1,657.19","1,566.90","595.67K","4.63%"
"30/01/2023","1,566.50","1,645.97","1,647.25","1,540.25","630.55K","-4.83%"
"31/01/2023","1,585.27","1,566.50","1,602.03","1,562.04","368.94K","1.20%"
"01/02/2023","1,642.10","1,585.27","1,647.27","1,560.18","505.44K","3.59%"
"02/02/2023","1,641.71","1,642.10","1,710.27","1,632.39","685.27K","-0.02%"
"03/02/2023","1,663.79","1,641.70","1,673.59","1,628.73","489.79K","1.34%"
"04/02/2023","1,666.90","1,663.78","1,694.58","1,646.11","328.66K","0.19%"
"05/02/2023","1,629.44","1,666.90","1,671.88","1,612.70","435.14K","-2.25%"
"06/02/2023","1,613.72","1,629.44","1,657.75","1,606.59","401.03K","-0.96%"
"07/02/2023","1,671.40","1,613.72","1,676.83","1,613.20","481.91K","3.57%"
"08/02/2023","1,650.99","1,671.39","1,694.28","1,631.15","447.57K","-1.22%"
"09/02/2023","1,545.35","1,650.97","1,655.96","1,530.98","702.21K","-6.40%"
"10/02/2023","1,513.82","1,545.35","1,554.19","1,499.49","523.33K","-2.04%"
"11/02/2023","1,538.34","1,513.12","1,542.64","1,508.07","306.24K","1.62%"
"12/02/2023","1,515.44","1,538.34","1,547.30","1,495.05","302.73K","-1.49%"
"13/02/2023","1,505.84","1,515.44","1,525.56","1,464.10","681.85K","-0.63%"
"14/02/2023","1,555.46","1,505.85","1,565.20","1,494.30","705.28K","3.29%"
"15/02/2023","1,675.43","1,555.45","1,676.94","1,542.80","627.07K","7.71%"
"16/02/2023","1,640.66","1,675.43","1,738.87","1,634.97","894.27K","-2.08%"
"17/02/2023","1,693.96","1,640.66","1,720.06","1,631.92","617.21K","3.25%"
"18/02/2023","1,691.62","1,693.96","1,708.87","1,681.17","283.51K","-0.14%"
"19/02/2023","1,681.52","1,691.62","1,722.28","1,670.97","427.00K","-0.60%"
"20/02/2023","1,703.27","1,681.49","1,719.10","1,651.54","478.59K","1.29%"
"21/02/2023","1,659.41","1,703.29","1,716.35","1,637.16","554.52K","-2.58%"
"22/02/2023","1,643.39","1,659.41","1,666.39","1,600.79","560.40K","-0.97%"
"23/02/2023","1,650.52","1,643.39","1,678.20","1,630.94","529.75K","0.43%"
"24/02/2023","1,608.24","1,650.52","1,663.82","1,579.68","548.07K","-2.56%"
"25/02/2023","1,594.66","1,608.24","1,608.62","1,562.10","309.29K","-0.84%"
"26/02/2023","1,641.60","1,594.66","1,648.77","1,588.65","326.58K","2.94%"
"27/02/2023","1,633.66","1,641.59","1,664.98","1,609.82","458.53K","-0.48%"
"28/02/2023","1,604.69","1,633.66","1,646.33","1,598.67","411.49K","-1.77%"
"01/03/2023","1,666.09","1,604.69","1,668.55","1,595.40","497.12K","3.83%"
"02/03/2023","1,647.38","1,666.09","1,677.45","1,620.20","440.63K","-1.12%"
"03/03/2023","1,568.89","1,647.86","1,649.19","1,547.61","783.74K","-4.76%"
"04/03/2023","1,566.73","1,569.45","1,577.02","1,550.10","247.02K","-0.14%"
"05/03/2023","1,564.37","1,566.73","1,587.95","1,556.84","313.01K","-0.15%"
"06/03/2023","1,565.84","1,564.36","1,581.13","1,555.43","322.16K","0.09%"
"07/03/2023","1,561.78","1,565.84","1,580.95","1,536.31","460.10K","-0.26%"
"08/03/2023","1,533.04","1,561.79","1,569.70","1,531.28","478.44K","-1.84%"
"09/03/2023","1,438.50","1,533.04","1,545.98","1,413.17","764.77K","-6.17%"
"10/03/2023","1,426.75","1,437.49","1,437.49","1,371.47","1.01M","-0.82%"
"11/03/2023","1,471.15","1,426.74","1,475.92","1,408.58","1.43M","3.11%"
"12/03/2023","1,580.24","1,472.08","1,585.09","1,452.33","1.06M","7.42%"
"13/03/2023","1,673.93","1,580.28","1,690.18","1,565.83","1.30M","5.93%"
"14/03/2023","1,700.15","1,673.83","1,776.65","1,655.74","1.36M","1.57%"
"15/03/2023","1,649.65","1,700.14","1,716.56","1,614.93","1.02M","-2.97%"
"16/03/2023","1,673.85","1,649.66","1,689.09","1,634.21","660.14K","1.47%"
"17/03/2023","1,789.38","1,673.76","1,796.74","1,663.67","975.13K","6.90%"
"18/03/2023","1,758.70","1,789.38","1,833.82","1,751.14","763.06K","-1.71%"
"19/03/2023","1,779.47","1,758.70","1,838.84","1,758.66","574.73K","1.18%"
"20/03/2023","1,732.31","1,780.12","1,802.76","1,723.90","716.26K","-2.65%"
"21/03/2023","1,803.54","1,732.32","1,833.12","1,719.55","779.81K","4.11%"
"22/03/2023","1,734.48","1,801.58","1,818.47","1,711.05","933.24K","-3.83%"
"23/03/2023","1,814.08","1,734.32","1,852.48","1,729.38","767.73K","4.59%"
"24/03/2023","1,749.26","1,813.62","1,818.53","1,728.69","602.30K","-3.57%"
"25/03/2023","1,742.34","1,749.28","1,761.66","1,714.43","368.84K","-0.40%"
"26/03/2023","1,774.06","1,742.32","1,796.77","1,739.39","371.97K","1.82%"
"27/03/2023","1,714.65","1,773.91","1,780.06","1,691.38","607.00K","-3.35%"
"28/03/2023","1,772.63","1,714.65","1,792.38","1,702.95","561.33K","3.38%"
"29/03/2023","1,793.27","1,772.64","1,825.01","1,772.64","564.93K","1.16%"
"30/03/2023","1,793.59","1,793.16","1,828.91","1,766.90","607.74K","0.02%"
"31/03/2023","1,821.62","1,793.59","1,845.54","1,782.26","579.01K","1.56%"
"01/04/2023","1,820.78","1,821.62","1,840.27","1,811.67","283.39K","-0.05%"
"02/04/2023","1,795.01","1,820.78","1,824.32","1,775.81","334.84K","-1.42%"
"03/04/2023","1,810.77","1,795.01","1,838.71","1,764.26","657.58K","0.88%"
"04/04/2023","1,870.52","1,810.77","1,887.33","1,802.51","658.37K","3.30%"
"05/04/2023","1,908.96","1,870.52","1,936.10","1,864.64","583.84K","2.05%"
"06/04/2023","1,872.35","1,908.95","1,908.95","1,855.89","420.80K","-1.92%"
"07/04/2023","1,863.46","1,872.35","1,882.56","1,844.43","298.77K","-0.47%"
"08/04/2023","1,848.93","1,863.45","1,879.11","1,847.72","207.67K","-0.78%"
"09/04/2023","1,858.90","1,848.93","1,871.87","1,825.60","306.40K","0.54%"
"10/04/2023","1,910.36","1,858.90","1,916.53","1,847.39","457.41K","2.77%"
"11/04/2023","1,889.86","1,910.35","1,935.75","1,884.64","428.26K","-1.07%"
"12/04/2023","1,916.58","1,889.86","1,930.46","1,857.35","669.43K","1.41%"
"13/04/2023","2,012.11","1,916.59","2,018.73","1,899.96","721.56K","4.98%"
"14/04/2023","2,099.98","2,012.12","2,127.56","2,009.53","957.03K","4.37%"
"15/04/2023","2,090.59","2,099.98","2,110.30","2,074.33","340.60K","-0.45%"
"16/04/2023","2,119.29","2,090.59","2,137.56","2,073.26","342.43K","1.37%"
"17/04/2023","2,074.74","2,118.61","2,119.18","2,062.17","448.14K","-2.10%"
"18/04/2023","2,103.34","2,074.74","2,121.27","2,056.86","437.10K","1.38%"
"19/04/2023","1,935.97","2,103.36","2,104.31","1,925.00","855.36K","-7.96%"
"20/04/2023","1,942.72","1,935.97","1,977.95","1,917.71","665.65K","0.35%"
"21/04/2023","1,849.81","1,942.72","1,955.35","1,831.47","769.94K","-4.78%"
"22/04/2023","1,873.95","1,848.88","1,886.22","1,845.73","351.72K","1.30%"
"23/04/2023","1,862.05","1,873.96","1,881.92","1,839.05","368.77K","-0.63%"
"24/04/2023","1,841.88","1,862.04","1,889.09","1,809.80","480.28K","-1.08%"
"25/04/2023","1,865.95","1,841.88","1,877.54","1,804.20","491.98K","1.31%"
"26/04/2023","1,866.05","1,865.95","1,963.46","1,793.76","958.23K","0.01%"
"27/04/2023","1,908.81","1,866.05","1,937.55","1,862.37","771.48K","2.29%"
"28/04/2023","1,891.14","1,908.79","1,922.85","1,875.03","408.45K","-0.93%"
"29/04/2023","1,907.80","1,890.93","1,915.90","1,886.27","193.47K","0.88%"
"30/04/2023","1,868.88","1,907.80","1,937.86","1,868.88","377.71K","-2.04%"
"01/05/2023","1,830.75","1,869.05","1,885.70","1,807.30","475.92K","-2.04%"
"02/05/2023","1,869.74","1,830.75","1,878.70","1,823.25","391.27K","2.13%"
"03/05/2023","1,904.74","1,869.74","1,915.00","1,844.72","489.66K","1.87%"
"04/05/2023","1,877.06","1,904.76","1,915.15","1,868.18","372.69K","-1.45%"
"05/05/2023","1,993.33","1,877.06","1,996.64","1,875.66","589.05K","6.19%"
"06/05/2023","1,896.48","1,993.33","2,013.10","1,868.09","658.63K","-4.86%"
"07/05/2023","1,870.99","1,896.48","1,931.39","1,870.94","441.65K","-1.34%"
"08/05/2023","1,847.48","1,871.03","1,883.54","1,813.63","667.82K","-1.26%"
"09/05/2023","1,846.56","1,847.48","1,858.57","1,832.05","318.79K","-0.05%"
"10/05/2023","1,840.92","1,846.56","1,886.83","1,797.07","685.11K","-0.31%"
"11/05/2023","1,794.71","1,840.92","1,841.04","1,774.30","548.42K","-2.51%"
"12/05/2023","1,807.31","1,794.71","1,812.46","1,741.48","598.87K","0.70%"
"13/05/2023","1,794.95","1,807.31","1,814.55","1,786.23","223.65K","-0.68%"
"14/05/2023","1,799.36","1,795.11","1,822.93","1,791.86","229.74K","0.25%"
"15/05/2023","1,817.11","1,799.36","1,845.27","1,786.61","405.84K","0.99%"
"16/05/2023","1,823.98","1,817.11","1,830.01","1,797.60","325.77K","0.38%"
"17/05/2023","1,821.73","1,823.98","1,834.44","1,785.78","376.26K","-0.12%"
"18/05/2023","1,800.99","1,822.12","1,831.51","1,774.77","311.24K","-1.14%"
"19/05/2023","1,812.32","1,800.95","1,829.33","1,796.99","253.50K","0.63%"
"20/05/2023","1,819.68","1,812.32","1,828.06","1,807.08","134.46K","0.41%"
"21/05/2023","1,804.89","1,819.66","1,827.47","1,799.03","170.05K","-0.81%"
"22/05/2023","1,817.19","1,804.89","1,827.38","1,792.35","250.27K","0.68%"
"23/05/2023","1,854.08","1,817.19","1,868.89","1,815.41","428.05K","2.03%"
"24/05/2023","1,799.91","1,854.08","1,854.08","1,781.70","441.64K","-2.92%"
"25/05/2023","1,805.69","1,799.91","1,817.05","1,764.92","370.60K","0.32%"
"26/05/2023","1,827.80","1,805.62","1,837.39","1,798.10","290.89K","1.22%"
"27/05/2023","1,829.91","1,827.80","1,835.94","1,817.35","147.46K","0.12%"
"28/05/2023","1,908.35","1,829.91","1,914.92","1,824.70","401.09K","4.29%"
"29/05/2023","1,892.61","1,908.37","1,925.74","1,878.33","338.07K","-0.83%"
"30/05/2023","1,900.59","1,892.61","1,915.91","1,882.97","288.67K","0.42%"
"31/05/2023","1,873.63","1,900.59","1,906.21","1,852.00","337.87K","-1.42%"
"01/06/2023","1,861.77","1,873.62","1,888.07","1,846.23","286.98K","-0.63%"
"02/06/2023","1,907.10","1,861.77","1,910.01","1,847.84","329.16K","2.43%"
"03/06/2023","1,892.05","1,907.10","1,907.90","1,884.17","157.10K","-0.79%"
"04/06/2023","1,890.04","1,892.05","1,914.12","1,884.54","183.07K","-0.11%"
"05/06/2023","1,811.20","1,890.00","1,890.53","1,782.82","588.61K","-4.17%"
"06/06/2023","1,884.17","1,811.19","1,895.79","1,800.75","518.57K","4.03%"
"07/06/2023","1,832.10","1,884.63","1,893.73","1,823.42","454.83K","-2.76%"
"08/06/2023","1,845.68","1,832.10","1,860.53","1,829.38","202.78K","0.74%"
"09/06/2023","1,840.41","1,845.68","1,854.72","1,828.66","215.71K","-0.29%"
"10/06/2023","1,751.56","1,840.41","1,844.23","1,719.16","696.59K","-4.83%"
"11/06/2023","1,752.80","1,751.56","1,775.87","1,740.02","232.04K","0.07%"
"12/06/2023","1,742.60","1,752.80","1,757.79","1,722.92","320.47K","-0.58%"
"13/06/2023","1,739.60","1,742.60","1,763.15","1,727.64","303.23K","-0.17%"
"14/06/2023","1,650.96","1,739.60","1,749.90","1,636.49","451.13K","-5.10%"
"15/06/2023","1,666.96","1,650.96","1,678.94","1,632.50","397.40K","0.97%"
"16/06/2023","1,717.92","1,666.96","1,728.35","1,653.68","333.35K","3.06%"
"17/06/2023","1,727.79","1,717.92","1,764.06","1,714.30","227.93K","0.57%"
"18/06/2023","1,720.98","1,727.79","1,746.40","1,715.90","167.46K","-0.39%"
"19/06/2023","1,737.06","1,720.98","1,748.05","1,706.40","263.64K","0.93%"
"20/06/2023","1,791.61","1,737.06","1,793.35","1,715.20","359.77K","3.14%"
"21/06/2023","1,889.87","1,791.64","1,899.11","1,787.59","653.63K","5.48%"
"22/06/2023","1,872.32","1,889.87","1,931.60","1,866.66","438.75K","-0.93%"
"23/06/2023","1,891.97","1,872.29","1,932.23","1,864.60","428.03K","1.05%"
"24/06/2023","1,875.00","1,891.98","1,904.04","1,865.77","239.37K","-0.90%"
"25/06/2023","1,898.80","1,875.00","1,929.61","1,869.28","356.99K","1.27%"
"26/06/2023","1,859.00","1,898.80","1,906.07","1,840.63","479.76K","-2.10%"
"27/06/2023","1,889.51","1,859.00","1,911.73","1,856.19","386.05K","1.64%"
"28/06/2023","1,827.95","1,889.51","1,890.11","1,821.94","356.71K","-3.26%"
"29/06/2023","1,851.92","1,827.95","1,878.86","1,827.95","256.22K","1.31%"
"30/06/2023","1,933.80","1,851.92","1,943.65","1,837.49","765.42K","4.42%"
"01/07/2023","1,924.53","1,933.80","1,943.20","1,909.92","189.41K","-0.48%"
"02/07/2023","1,937.57","1,924.53","1,958.36","1,893.68","283.61K","0.68%"
"03/07/2023","1,955.56","1,937.57","1,974.61","1,934.51","346.33K","0.93%"
"04/07/2023","1,936.19","1,955.56","1,966.03","1,931.64","226.10K","-0.99%"
"05/07/2023","1,910.43","1,936.21","1,942.15","1,896.43","284.34K","-1.33%"
"06/07/2023","1,848.36","1,910.43","1,957.58","1,847.01","483.00K","-3.25%"
"07/07/2023","1,870.92","1,848.29","1,877.51","1,827.35","249.82K","1.22%"
"08/07/2023","1,865.28","1,870.92","1,873.16","1,843.82","136.69K","-0.30%"
"09/07/2023","1,862.91","1,865.28","1,878.22","1,856.97","145.47K","-0.13%"
"10/07/2023","1,880.42","1,862.91","1,903.82","1,846.71","264.83K","0.94%"
"11/07/2023","1,878.33","1,880.42","1,889.83","1,863.93","191.47K","-0.11%"
"12/07/2023","1,871.86","1,878.33","1,901.45","1,865.11","280.91K","-0.34%"
"13/07/2023","2,004.77","1,871.86","2,010.75","1,863.22","588.53K","7.10%"
"14/07/2023","1,938.05","2,004.77","2,025.56","1,900.22","530.86K","-3.33%"
"15/07/2023","1,931.42","1,938.05","1,946.10","1,926.83","145.89K","-0.34%"
"16/07/2023","1,922.45","1,931.43","1,942.55","1,918.01","158.59K","-0.46%"
"17/07/2023","1,911.24","1,922.45","1,935.99","1,876.00","293.54K","-0.58%"
"18/07/2023","1,897.58","1,911.24","1,917.21","1,877.52","233.00K","-0.71%"
"19/07/2023","1,888.65","1,897.58","1,920.48","1,882.18","244.92K","-0.47%"
"20/07/2023","1,891.23","1,888.64","1,928.36","1,879.39","321.92K","0.14%"
"21/07/2023","1,891.75","1,891.68","1,905.57","1,884.95","176.39K","0.03%"
"22/07/2023","1,866.25","1,891.75","1,897.03","1,854.09","143.13K","-1.35%"
"23/07/2023","1,888.85","1,866.26","1,903.95","1,858.12","164.31K","1.21%"
"24/07/2023","1,850.04","1,888.85","1,890.78","1,835.14","297.13K","-2.05%"
"25/07/2023","1,857.67","1,850.05","1,867.36","1,845.68","161.06K","0.41%"
"26/07/2023","1,872.00","1,857.67","1,886.92","1,849.43","286.61K","0.77%"
"27/07/2023","1,861.32","1,872.00","1,885.87","1,855.40","176.21K","-0.57%"
"28/07/2023","1,874.23","1,861.32","1,882.23","1,856.90","148.92K","0.69%"
"29/07/2023","1,880.55","1,874.23","1,886.26","1,869.74","79.76K","0.34%"
"30/07/2023","1,861.81","1,880.55","1,884.33","1,851.63","167.77K","-1.00%"
"31/07/2023","1,856.17","1,861.81","1,876.03","1,851.42","177.97K","-0.30%"
"01/08/2023","1,874.21","1,856.17","1,875.00","1,818.06","386.29K","0.97%"
"02/08/2023","1,840.21","1,874.21","1,879.32","1,822.94","272.70K","-1.81%"
"03/08/2023","1,835.98","1,839.76","1,858.62","1,828.34","182.56K","-0.23%"
"04/08/2023","1,830.24","1,835.98","1,849.13","1,819.65","199.60K","-0.31%"
"05/08/2023","1,836.48","1,830.24","1,838.62","1,827.52","103.08K","0.34%"
"06/08/2023","1,830.28","1,836.48","1,838.08","1,826.12","100.32K","-0.34%"
"07/08/2023","1,829.11","1,830.28","1,846.41","1,805.30","243.92K","-0.06%"
"08/08/2023","1,856.24","1,829.10","1,871.77","1,826.40","253.39K","1.48%"
"09/08/2023","1,855.36","1,856.24","1,870.48","1,846.76","203.58K","-0.05%"
"10/08/2023","1,852.46","1,855.36","1,865.94","1,847.34","134.21K","-0.16%"
"11/08/2023","1,848.88","1,852.46","1,857.17","1,840.65","120.55K","-0.19%"
"12/08/2023","1,849.94","1,848.88","1,853.54","1,846.13","66.93K","0.06%"
"13/08/2023","1,840.73","1,849.94","1,861.50","1,835.51","126.51K","-0.50%"
"14/08/2023","1,845.51","1,840.73","1,856.48","1,835.90","158.11K","0.26%"
"15/08/2023","1,828.98","1,845.51","1,847.35","1,816.32","196.60K","-0.90%"
"16/08/2023","1,807.81","1,828.98","1,831.52","1,803.31","217.47K","-1.16%"
"17/08/2023","1,683.89","1,807.81","1,809.81","1,560.88","876.70K","-6.85%"
"18/08/2023","1,661.26","1,681.51","1,698.77","1,646.32","572.90K","-1.34%"
"19/08/2023","1,669.67","1,661.27","1,693.88","1,654.35","243.31K","0.51%"
"20/08/2023","1,685.24","1,669.68","1,692.47","1,662.82","205.82K","0.93%"
"21/08/2023","1,667.60","1,685.24","1,686.11","1,651.77","265.91K","-1.05%"
"22/08/2023","1,634.29","1,667.60","1,669.22","1,588.36","424.51K","-2.00%"
"23/08/2023","1,679.93","1,634.30","1,697.63","1,629.86","399.71K","2.79%"
"24/08/2023","1,660.89","1,679.93","1,683.03","1,642.45","246.62K","-1.13%"
"25/08/2023","1,653.74","1,661.18","1,676.13","1,636.77","250.86K","-0.43%"
"26/08/2023","1,647.05","1,653.74","1,655.58","1,644.04","84.34K","-0.40%"
"27/08/2023","1,658.33","1,647.05","1,660.11","1,646.35","94.20K","0.68%"
"28/08/2023","1,653.22","1,658.34","1,660.80","1,628.79","229.39K","-0.31%"
"29/08/2023","1,729.69","1,653.22","1,742.83","1,640.29","528.63K","4.63%"
"30/08/2023","1,705.22","1,729.69","1,730.71","1,696.99","218.44K","-1.41%"
"31/08/2023","1,645.82","1,705.23","1,723.95","1,634.74","355.27K","-3.48%"
"01/09/2023","1,629.00","1,645.82","1,654.39","1,603.67","319.19K","-1.02%"
"02/09/2023","1,637.05","1,629.00","1,644.63","1,628.11","109.03K","0.49%"
"03/09/2023","1,635.85","1,637.05","1,645.16","1,625.61","124.14K","-0.07%"
"04/09/2023","1,630.51","1,635.86","1,643.31","1,618.49","178.25K","-0.33%"
"05/09/2023","1,634.46","1,630.53","1,647.67","1,610.02","219.79K","0.24%"
"06/09/2023","1,633.18","1,634.46","1,667.08","1,610.49","240.73K","-0.08%"
"07/09/2023","1,648.09","1,633.18","1,658.04","1,624.07","243.55K","0.91%"
"08/09/2023","1,636.45","1,648.09","1,657.53","1,618.39","236.38K","-0.71%"
"09/09/2023","1,635.56","1,636.45","1,637.21","1,630.12","63.97K","-0.05%"
"10/09/2023","1,617.44","1,635.56","1,635.72","1,604.26","220.97K","-1.11%"
"11/09/2023","1,551.89","1,617.44","1,618.80","1,533.95","444.95K","-4.05%"
"12/09/2023","1,592.50","1,551.89","1,617.39","1,549.71","354.59K","2.62%"
"13/09/2023","1,607.63","1,592.50","1,614.43","1,582.03","238.31K","0.95%"
"14/09/2023","1,626.49","1,607.63","1,639.23","1,607.08","293.64K","1.17%"
"15/09/2023","1,641.31","1,626.49","1,652.40","1,612.25","194.29K","0.91%"
"16/09/2023","1,634.41","1,641.31","1,650.04","1,631.74","107.11K","-0.42%"
"17/09/2023","1,622.65","1,634.41","1,635.00","1,612.87","127.49K","-0.72%"
"18/09/2023","1,636.92","1,622.63","1,668.87","1,609.69","302.35K","0.88%"
"19/09/2023","1,643.08","1,636.88","1,659.53","1,627.31","201.84K","0.38%"
"20/09/2023","1,622.28","1,643.14","1,649.17","1,610.14","253.88K","-1.27%"
"21/09/2023","1,584.03","1,622.28","1,625.31","1,569.03","264.25K","-2.36%"
"22/09/2023","1,593.10","1,584.03","1,601.79","1,578.78","135.12K","0.57%"
"23/09/2023","1,593.89","1,593.10","1,597.96","1,587.79","69.31K","0.05%"
"24/09/2023","1,580.55","1,593.89","1,600.37","1,573.94","144.30K","-0.84%"
"25/09/2023","1,588.62","1,580.55","1,596.57","1,564.70","191.41K","0.51%"
"26/09/2023","1,594.04","1,588.62","1,597.67","1,580.60","141.61K","0.34%"
"27/09/2023","1,598.49","1,594.05","1,633.50","1,585.28","307.59K","0.28%"
"28/09/2023","1,652.89","1,598.53","1,667.61","1,598.16","354.03K","3.40%"
"29/09/2023","1,667.72","1,652.89","1,686.63","1,648.47","273.45K","0.90%"
"30/09/2023","1,670.92","1,667.71","1,693.68","1,666.25","147.60K","0.19%"
"01/10/2023","1,732.89","1,670.92","1,741.94","1,668.94","245.32K","3.71%"
"02/10/2023","1,662.79","1,732.90","1,742.42","1,638.04","412.81K","-4.05%"
"03/10/2023","1,656.88","1,662.79","1,670.45","1,644.05","216.11K","-0.36%"
"04/10/2023","1,647.05","1,656.88","1,657.61","1,630.48","243.08K","-0.59%"
"05/10/2023","1,611.58","1,646.61","1,654.03","1,609.54","253.05K","-2.15%"
"06/10/2023","1,645.62","1,611.58","1,659.99","1,611.58","238.24K","2.11%"
"07/10/2023","1,633.58","1,640.59","1,643.25","1,630.18","107.55K","-0.73%"
"08/10/2023","1,632.85","1,633.58","1,641.30","1,616.80","159.27K","-0.04%"
"09/10/2023","1,579.74","1,632.85","1,635.13","1,550.10","372.11K","-3.25%"
"10/10/2023","1,567.60","1,579.77","1,593.73","1,552.34","255.41K","-0.77%"
"11/10/2023","1,566.88","1,567.62","1,578.16","1,549.16","279.01K","-0.05%"
"12/10/2023","1,539.70","1,566.88","1,568.47","1,523.78","260.59K","-1.73%"
"13/10/2023","1,552.17","1,539.70","1,574.08","1,538.07","208.91K","0.81%"
"14/10/2023","1,554.96","1,552.17","1,559.94","1,545.32","107.26K","0.18%"
"15/10/2023","1,557.66","1,554.96","1,565.80","1,550.05","128.70K","0.17%"
"16/10/2023","1,599.48","1,557.79","1,635.46","1,555.13","452.69K","2.69%"
"17/10/2023","1,564.99","1,599.48","1,600.49","1,553.63","250.22K","-2.16%"
"18/10/2023","1,563.43","1,564.99","1,583.77","1,556.15","199.43K","-0.10%"
"19/10/2023","1,566.79","1,563.43","1,573.48","1,543.87","238.42K","0.21%"
"20/10/2023","1,603.89","1,566.78","1,629.26","1,561.62","343.61K","2.37%"
"21/10/2023","1,628.94","1,603.89","1,642.33","1,592.41","188.94K","1.56%"
"22/10/2023","1,663.35","1,628.94","1,667.50","1,623.29","246.68K","2.11%"
"23/10/2023","1,763.75","1,663.35","1,791.99","1,657.57","672.28K","6.04%"
"24/10/2023","1,784.88","1,763.79","1,853.31","1,757.32","750.21K","1.20%"
"25/10/2023","1,787.00","1,784.88","1,814.21","1,761.39","389.39K","0.12%"
"26/10/2023","1,803.13","1,787.00","1,864.81","1,764.43","471.17K","0.90%"
"27/10/2023","1,779.54","1,803.38","1,803.63","1,751.77","298.24K","-1.31%"
"28/10/2023","1,776.21","1,779.54","1,801.12","1,772.08","134.10K","-0.19%"
"29/10/2023","1,794.96","1,776.21","1,809.98","1,764.08","156.39K","1.06%"
"30/10/2023","1,809.05","1,794.96","1,829.47","1,778.59","304.47K","0.78%"
"31/10/2023","1,815.13","1,809.05","1,819.43","1,783.32","279.11K","0.34%"
"01/11/2023","1,846.60","1,815.12","1,857.00","1,783.98","509.01K","1.73%"
"02/11/2023","1,800.27","1,846.60","1,873.02","1,789.00","398.43K","-2.51%"
"03/11/2023","1,832.29","1,800.28","1,834.16","1,779.79","337.00K","1.78%"
"04/11/2023","1,855.72","1,832.31","1,868.52","1,824.40","190.18K","1.28%"
"05/11/2023","1,892.36","1,855.72","1,911.00","1,846.57","418.91K","1.97%"
"06/11/2023","1,900.98","1,891.81","1,913.13","1,870.00","359.00K","0.46%"
"07/11/2023","1,885.97","1,900.98","1,906.55","1,852.05","370.10K","-0.79%"
"08/11/2023","1,889.29","1,885.95","1,903.67","1,873.47","265.08K","0.18%"
"09/11/2023","2,120.16","1,888.42","2,131.31","1,882.91","1.21M","12.22%"
"10/11/2023","2,077.78","2,120.16","2,135.91","2,068.79","640.31K","-2.00%"
"11/11/2023","2,053.42","2,077.72","2,089.24","2,033.56","405.96K","-1.17%"
"12/11/2023","2,044.61","2,053.40","2,065.35","2,020.76","354.64K","-0.43%"
"13/11/2023","2,054.18","2,044.61","2,115.24","2,031.01","578.44K","0.47%"
"14/11/2023","1,979.10","2,054.15","2,064.51","1,943.01","521.22K","-3.66%"
"15/11/2023","2,058.93","1,979.40","2,060.95","1,967.97","455.57K","4.03%"
"16/11/2023","1,961.76","2,058.93","2,089.44","1,940.44","585.12K","-4.72%"
"17/11/2023","1,960.80","1,961.77","1,990.24","1,908.24","430.92K","-0.05%"
"18/11/2023","1,961.72","1,960.80","1,971.02","1,920.13","298.88K","0.05%"
"19/11/2023","2,011.01","1,961.72","2,014.93","1,943.63","269.02K","2.51%"
"20/11/2023","2,021.49","2,011.02","2,064.05","1,994.89","455.23K","0.52%"
"21/11/2023","1,934.62","2,021.49","2,034.51","1,932.50","527.41K","-4.30%"
"22/11/2023","2,063.05","1,934.62","2,090.01","1,930.66","506.35K","6.64%"
"23/11/2023","2,061.92","2,063.05","2,088.20","2,040.66","264.01K","-0.06%"
"24/11/2023","2,080.62","2,061.92","2,129.20","2,059.23","460.97K","0.91%"
"25/11/2023","2,083.09","2,080.63","2,089.64","2,065.17","154.35K","0.12%"
"26/11/2023","2,062.64","2,082.91","2,092.80","2,038.28","259.79K","-0.98%"
"27/11/2023","2,027.51","2,062.30","2,071.13","1,987.43","354.28K","-1.70%"
"28/11/2023","2,048.47","2,027.51","2,074.79","1,996.19","312.94K","1.03%"
"29/11/2023","2,028.99","2,048.47","2,071.36","2,020.31","269.97K","-0.95%"
"30/11/2023","2,051.56","2,028.99","2,054.33","2,021.44","252.49K","1.11%"
"01/12/2023","2,087.21","2,051.59","2,109.32","2,045.39","402.51K","1.74%"
"02/12/2023","2,164.79","2,087.21","2,179.73","2,086.29","344.20K","3.72%"
"03/12/2023","2,192.79","2,164.79","2,215.46","2,150.58","279.65K","1.29%"
"04/12/2023","2,243.54","2,192.79","2,272.26","2,191.43","601.45K","2.31%"
"05/12/2023","2,293.34","2,243.30","2,302.29","2,190.96","561.41K","2.22%"
"06/12/2023","2,233.45","2,293.36","2,310.20","2,223.15","431.57K","-2.61%"
"07/12/2023","2,355.80","2,233.45","2,381.65","2,224.61","518.61K","5.48%"
"08/12/2023","2,358.42","2,355.78","2,389.36","2,340.88","397.41K","0.11%"
"09/12/2023","2,340.55","2,358.42","2,401.34","2,332.36","304.64K","-0.76%"
"10/12/2023","2,352.26","2,340.55","2,376.57","2,324.18","206.78K","0.50%"
"11/12/2023","2,225.34","2,352.26","2,355.02","2,164.16","678.03K","-5.40%"
"12/12/2023","2,203.49","2,225.33","2,243.34","2,168.18","377.05K","-0.98%"
"13/12/2023","2,260.18","2,203.49","2,283.84","2,148.87","436.64K","2.57%"
"14/12/2023","2,315.64","2,260.18","2,331.63","2,237.39","461.60K","2.45%"
"15/12/2023","2,220.41","2,315.40","2,317.42","2,213.18","349.63K","-4.11%"
"16/12/2023","2,229.07","2,220.41","2,262.68","2,212.80","206.79K","0.39%"
"17/12/2023","2,197.04","2,229.07","2,247.84","2,196.06","233.48K","-1.44%"
"18/12/2023","2,218.80","2,197.01","2,223.30","2,123.06","388.26K","0.99%"
"19/12/2023","2,177.44","2,218.82","2,254.75","2,137.80","400.94K","-1.86%"
"20/12/2023","2,202.19","2,177.45","2,263.30","2,161.76","440.35K","1.14%"
"21/12/2023","2,239.62","2,202.19","2,277.72","2,183.35","471.46K","1.70%"
"22/12/2023","2,324.23","2,239.62","2,341.52","2,232.83","620.73K","3.78%"
"23/12/2023","2,308.61","2,324.24","2,330.07","2,267.39","266.30K","-0.67%"
"24/12/2023","2,263.57","2,308.60","2,325.08","2,247.73","319.33K","-1.95%"
"25/12/2023","2,271.38","2,263.57","2,303.28","2,253.25","298.17K","0.35%"
"26/12/2023","2,230.74","2,271.38","2,274.71","2,184.60","429.50K","-1.79%"
"27/12/2023","2,378.63","2,230.76","2,391.53","2,213.78","577.27K","6.63%"
"28/12/2023","2,344.47","2,378.63","2,443.59","2,338.46","626.91K","-1.44%"
"29/12/2023","2,299.24","2,344.48","2,385.26","2,265.63","475.37K","-1.93%"
"30/12/2023","2,291.70","2,299.24","2,322.76","2,269.23","219.92K","-0.33%"
"31/12/2023","2,281.90","2,291.70","2,320.91","2,264.67","232.62K","-0.43%"
"01/01/2024","2,352.03","2,281.89","2,352.03","2,266.75","229.28K","3.07%"
"02/01/2024","2,355.27","2,352.06","2,430.53","2,347.62","491.56K","0.14%"
"03/01/2024","2,209.49","2,355.28","2,383.92","2,122.78","852.01K","-6.19%"
"04/01/2024","2,267.27","2,209.49","2,293.17","2,202.99","467.01K","2.62%"
"05/01/2024","2,268.12","2,267.29","2,275.25","2,207.40","426.01K","0.04%"
"06/01/2024","2,240.49","2,268.14","2,269.65","2,217.05","202.82K","-1.22%"
"07/01/2024","2,221.40","2,240.49","2,254.70","2,209.46","216.41K","-0.85%"
"08/01/2024","2,330.98","2,221.40","2,357.14","2,167.42","565.23K","4.93%"
"09/01/2024","2,344.67","2,330.99","2,369.60","2,229.25","588.19K","0.59%"
"10/01/2024","2,581.79","2,344.29","2,629.68","2,342.21","1.12M","10.11%"
"11/01/2024","2,618.08","2,581.90","2,688.26","2,567.55","889.36K","1.41%"
"12/01/2024","2,523.98","2,618.08","2,712.88","2,462.93","931.96K","-3.59%"
"13/01/2024","2,578.36","2,523.99","2,589.98","2,498.48","436.91K","2.15%"
"14/01/2024","2,473.96","2,578.36","2,578.37","2,470.21","316.45K","-4.05%"
"15/01/2024","2,511.94","2,473.96","2,553.24","2,472.69","332.15K","1.54%"
"16/01/2024","2,588.64","2,511.95","2,613.71","2,501.00","395.07K","3.05%"
"17/01/2024","2,531.26","2,588.63","2,592.88","2,510.00","380.90K","-2.22%"
"18/01/2024","2,469.77","2,531.26","2,548.79","2,430.97","467.22K","-2.43%"
"19/01/2024","2,491.81","2,469.77","2,504.09","2,418.61","443.42K","0.89%"
"20/01/2024","2,472.03","2,491.81","2,491.81","2,455.07","143.98K","-0.79%"
"21/01/2024","2,457.06","2,472.04","2,481.63","2,453.48","126.52K","-0.61%"
"22/01/2024","2,313.64","2,457.06","2,465.97","2,304.06","560.84K","-5.84%"
"23/01/2024","2,243.74","2,313.65","2,351.18","2,169.54","750.52K","-3.02%"
"24/01/2024","2,234.64","2,243.72","2,264.66","2,198.89","373.25K","-0.41%"
"25/01/2024","2,217.71","2,234.64","2,242.85","2,173.82","344.11K","-0.76%"
"26/01/2024","2,267.55","2,217.71","2,280.83","2,195.88","377.79K","2.25%"
"27/01/2024","2,267.91","2,267.56","2,282.16","2,252.31","151.26K","0.02%"
"28/01/2024","2,256.92","2,267.91","2,306.43","2,240.14","216.93K","-0.48%"
"29/01/2024","2,317.79","2,256.92","2,320.97","2,237.69","318.84K","2.70%"
"30/01/2024","2,343.11","2,317.79","2,389.23","2,298.85","387.12K","1.09%"
"31/01/2024","2,283.14","2,343.11","2,350.80","2,266.80","408.79K","-2.56%"
"01/02/2024","2,304.28","2,283.14","2,311.31","2,240.79","323.61K","0.93%"
"02/02/2024","2,309.28","2,304.28","2,324.57","2,282.87","246.89K","0.22%"
"03/02/2024","2,296.50","2,309.28","2,329.50","2,293.10","137.80K","-0.55%"
"04/02/2024","2,289.78","2,296.50","2,310.34","2,272.02","180.39K","-0.29%"
"05/02/2024","2,301.83","2,289.78","2,336.63","2,271.28","244.98K","0.53%"
"06/02/2024","2,372.65","2,301.83","2,390.53","2,299.24","381.23K","3.08%"
"07/02/2024","2,424.64","2,372.65","2,443.71","2,354.46","355.40K","2.19%"
"08/02/2024","2,419.56","2,424.66","2,461.00","2,412.01","350.33K","-0.21%"
"09/02/2024","2,486.24","2,419.56","2,522.96","2,419.16","540.92K","2.76%"
"10/02/2024","2,500.28","2,486.24","2,515.95","2,472.92","194.43K","0.56%"
"11/02/2024","2,506.69","2,500.28","2,537.85","2,493.83","230.91K","0.26%"
"12/02/2024","2,657.87","2,506.69","2,663.57","2,473.54","477.42K","6.03%"
"13/02/2024","2,640.10","2,657.91","2,686.14","2,597.15","530.99K","-0.67%"
"14/02/2024","2,775.12","2,640.12","2,785.51","2,619.77","491.97K","5.11%"
"15/02/2024","2,822.59","2,775.12","2,864.41","2,760.98","520.70K","1.71%"
"16/02/2024","2,801.80","2,822.59","2,856.76","2,759.52","401.19K","-0.74%"
"17/02/2024","2,785.90","2,801.80","2,804.17","2,721.21","251.97K","-0.57%"
"18/02/2024","2,880.10","2,785.90","2,892.79","2,765.97","391.11K","3.38%"
"19/02/2024","2,944.80","2,880.16","2,983.48","2,859.82","478.68K","2.25%"
"20/02/2024","3,015.38","2,944.79","3,030.61","2,879.82","674.55K","2.40%"
"21/02/2024","2,971.18","3,015.38","3,016.76","2,871.88","620.51K","-1.47%"
"22/02/2024","2,972.46","2,971.18","3,031.76","2,907.22","595.92K","0.04%"
"23/02/2024","2,922.24","2,972.47","2,992.80","2,906.43","441.33K","-1.69%"
"24/02/2024","2,992.29","2,922.24","3,005.95","2,907.23","251.89K","2.40%"
"25/02/2024","3,112.59","2,992.29","3,117.59","2,984.29","450.78K","4.02%"
"26/02/2024","3,175.94","3,112.59","3,193.67","3,038.00","582.39K","2.04%"
"27/02/2024","3,242.14","3,175.94","3,285.01","3,165.91","674.56K","2.08%"
"28/02/2024","3,383.03","3,242.44","3,482.48","3,183.92","1.01M","4.35%"
"29/02/2024","3,339.26","3,382.98","3,520.80","3,300.42","802.17K","-1.29%"
"01/03/2024","3,433.51","3,339.25","3,449.56","3,339.24","431.98K","2.82%"
"02/03/2024","3,420.64","3,433.51","3,459.96","3,395.03","296.91K","-0.37%"
"03/03/2024","3,488.67","3,420.64","3,491.53","3,364.44","363.55K","1.99%"
"04/03/2024","3,626.34","3,488.67","3,638.10","3,445.47","769.53K","3.95%"
"05/03/2024","3,556.03","3,626.39","3,819.79","3,237.28","1.48M","-1.94%"
"06/03/2024","3,814.56","3,555.94","3,899.99","3,503.51","1.02M","7.27%"
"07/03/2024","3,869.69","3,814.56","3,932.77","3,736.33","568.32K","1.45%"
"08/03/2024","3,883.20","3,868.75","3,991.89","3,825.16","686.06K","0.35%"
"09/03/2024","3,905.17","3,883.20","3,941.34","3,872.96","265.43K","0.57%"
"10/03/2024","3,878.47","3,905.17","3,961.94","3,793.64","372.52K","-0.68%"
"11/03/2024","4,065.02","3,878.47","4,081.72","3,756.39","767.30K","4.81%"
"12/03/2024","3,979.30","4,065.15","4,091.28","3,843.45","685.77K","-2.11%"
"13/03/2024","4,004.29","3,979.30","4,078.48","3,935.60","503.46K","0.63%"
"14/03/2024","3,883.94","4,004.30","4,009.92","3,729.51","672.52K","-3.01%"
"15/03/2024","3,741.12","3,881.70","3,931.33","3,591.51","981.71K","-3.68%"
"16/03/2024","3,523.68","3,741.16","3,778.60","3,476.82","567.02K","-5.81%"
"17/03/2024","3,644.78","3,523.66","3,678.07","3,421.42","549.29K","3.44%"
"18/03/2024","3,520.30","3,644.77","3,644.77","3,454.94","588.48K","-3.42%"
"19/03/2024","3,165.20","3,520.32","3,546.23","3,151.42","1.11M","-10.09%"
"20/03/2024","3,514.73","3,165.07","3,531.37","3,063.60","1.26M","11.04%"
"21/03/2024","3,493.23","3,514.73","3,583.02","3,413.60","638.79K","-0.61%"
"22/03/2024","3,334.12","3,492.89","3,541.65","3,254.56","589.84K","-4.55%"
"23/03/2024","3,332.90","3,334.19","3,430.04","3,275.78","334.86K","-0.04%"
"24/03/2024","3,455.33","3,332.87","3,469.66","3,300.74","270.03K","3.67%"
"25/03/2024","3,590.62","3,455.35","3,651.30","3,421.09","584.66K","3.92%"
"26/03/2024","3,587.50","3,590.62","3,677.24","3,544.55","520.43K","-0.09%"
"27/03/2024","3,500.43","3,587.48","3,661.91","3,462.44","460.87K","-2.43%"
"28/03/2024","3,559.43","3,500.43","3,609.66","3,470.62","416.69K","1.69%"
"29/03/2024","3,509.76","3,559.43","3,583.18","3,475.04","334.49K","-1.40%"
"30/03/2024","3,506.83","3,509.76","3,564.04","3,487.64","224.95K","-0.08%"
"31/03/2024","3,647.09","3,506.82","3,652.97","3,505.17","252.38K","4.00%"
"01/04/2024","3,502.82","3,647.08","3,647.08","3,421.96","422.72K","-3.96%"
"02/04/2024","3,277.99","3,502.84","3,505.39","3,216.48","647.13K","-6.42%"
"03/04/2024","3,310.62","3,278.01","3,366.75","3,203.21","426.57K","1.00%"
"04/04/2024","3,327.45","3,310.82","3,435.57","3,254.31","371.23K","0.51%"
"05/04/2024","3,317.84","3,327.45","3,344.17","3,212.89","359.70K","-0.29%"
"06/04/2024","3,352.03","3,317.84","3,394.80","3,307.23","190.08K","1.03%"
"07/04/2024","3,454.17","3,351.99","3,459.43","3,344.89","217.80K","3.05%"
"08/04/2024","3,694.93","3,454.17","3,727.87","3,409.58","538.85K","6.97%"
"09/04/2024","3,506.96","3,694.92","3,723.75","3,459.79","482.49K","-5.09%"
"10/04/2024","3,545.16","3,506.95","3,560.13","3,419.12","404.41K","1.09%"
"11/04/2024","3,502.55","3,545.16","3,615.24","3,479.15","349.38K","-1.20%"
"12/04/2024","3,239.86","3,502.55","3,551.22","3,150.92","739.63K","-7.50%"
"13/04/2024","3,004.44","3,237.16","3,296.69","2,863.89","1.06M","-7.27%"
"14/04/2024","3,152.65","3,005.96","3,168.52","2,913.83","799.68K","4.93%"
"15/04/2024","3,100.94","3,152.65","3,273.03","3,030.76","654.92K","-1.64%"
"16/04/2024","3,083.43","3,100.98","3,125.19","2,998.17","560.47K","-0.56%"
"17/04/2024","2,985.82","3,083.42","3,123.68","2,917.59","524.88K","-3.17%"
"18/04/2024","3,064.48","2,985.82","3,089.53","2,955.31","423.99K","2.63%"
"19/04/2024","3,056.23","3,064.49","3,122.51","2,871.82","645.65K","-0.27%"
"20/04/2024","3,156.63","3,056.51","3,168.90","3,020.82","256.05K","3.29%"
"21/04/2024","3,147.83","3,156.62","3,195.43","3,116.85","234.07K","-0.28%"
"22/04/2024","3,200.62","3,147.84","3,233.84","3,130.24","306.74K","1.68%"
"23/04/2024","3,220.13","3,200.28","3,262.50","3,153.81","265.42K","0.61%"
"24/04/2024","3,141.03","3,220.11","3,292.31","3,111.91","409.83K","-2.46%"
"25/04/2024","3,155.83","3,141.03","3,189.11","3,078.65","369.13K","0.47%"
"26/04/2024","3,130.90","3,155.83","3,165.94","3,104.77","263.09K","-0.79%"
"27/04/2024","3,255.57","3,131.42","3,282.99","3,073.79","334.66K","3.98%"
"28/04/2024","3,261.69","3,255.57","3,347.45","3,250.66","318.13K","0.19%"
"29/04/2024","3,216.29","3,261.72","3,286.75","3,119.56","438.13K","-1.39%"
"30/04/2024","3,014.41","3,216.85","3,250.44","2,927.77","591.88K","-6.28%"
"01/05/2024","2,973.27","3,014.38","3,023.06","2,819.19","672.37K","-1.36%"
"02/05/2024","2,987.12","2,973.30","3,014.55","2,897.11","387.64K","0.47%"
"03/05/2024","3,102.25","2,987.11","3,125.81","2,958.98","381.95K","3.85%"
"04/05/2024","3,117.23","3,102.25","3,146.74","3,095.58","205.59K","0.48%"
"05/05/2024","3,136.40","3,117.14","3,170.63","3,074.55","229.16K","0.62%"
"06/05/2024","3,062.03","3,136.40","3,220.04","3,048.65","377.37K","-2.37%"
"07/05/2024","3,006.36","3,062.03","3,128.32","3,004.04","315.01K","-1.82%"
"08/05/2024","2,974.94","3,006.32","3,036.79","2,941.71","283.76K","-1.04%"
"09/05/2024","3,036.32","2,974.92","3,057.07","2,953.21","248.78K","2.06%"
"10/05/2024","2,909.86","3,036.32","3,052.94","2,882.82","355.90K","-4.16%"
"11/05/2024","2,912.56","2,909.86","2,943.58","2,889.62","144.62K","0.09%"
"12/05/2024","2,929.35","2,912.56","2,953.92","2,903.16","111.77K","0.58%"
"13/05/2024","2,951.01","2,929.36","2,993.23","2,865.08","381.30K","0.74%"
"14/05/2024","2,881.99","2,951.01","2,958.94","2,866.00","279.49K","-2.34%"
"15/05/2024","3,034.71","2,881.99","3,041.11","2,864.50","363.90K","5.30%"
"16/05/2024","2,944.99","3,032.64","3,040.62","2,924.20","306.25K","-2.96%"
"17/05/2024","3,092.75","2,944.99","3,116.65","2,933.39","369.55K","5.02%"
"18/05/2024","3,122.87","3,092.09","3,145.59","3,084.73","205.74K","0.97%"
"19/05/2024","3,072.08","3,122.87","3,135.99","3,058.31","170.99K","-1.63%"
"20/05/2024","3,661.07","3,072.07","3,679.47","3,048.33","899.51K","19.17%"
"21/05/2024","3,790.46","3,661.04","3,833.07","3,630.71","1.01M","3.53%"
"22/05/2024","3,739.08","3,790.42","3,810.50","3,654.54","597.46K","-1.36%"
"23/05/2024","3,785.65","3,739.07","3,941.42","3,645.49","1.19M","1.25%"
"24/05/2024","3,728.21","3,785.61","3,829.13","3,635.18","514.00K","-1.52%"
"25/05/2024","3,749.28","3,728.32","3,776.75","3,709.70","170.39K","0.57%"
"26/05/2024","3,826.02","3,749.28","3,881.62","3,733.77","313.07K","2.05%"
"27/05/2024","3,894.33","3,825.99","3,976.00","3,824.33","393.85K","1.79%"
"28/05/2024","3,845.56","3,894.33","3,929.21","3,775.08","436.24K","-1.25%"
"29/05/2024","3,769.57","3,845.56","3,886.44","3,745.72","353.25K","-1.98%"
"30/05/2024","3,747.55","3,767.22","3,824.94","3,703.74","293.81K","-0.58%"
"31/05/2024","3,762.66","3,747.89","3,844.96","3,724.57","294.56K","0.40%"
"01/06/2024","3,815.95","3,762.63","3,832.35","3,753.32","143.81K","1.42%"
"02/06/2024","3,782.08","3,815.95","3,838.34","3,753.62","219.62K","-0.89%"
"03/06/2024","3,767.10","3,782.06","3,849.47","3,759.07","262.39K","-0.40%"
"04/06/2024","3,810.35","3,767.10","3,831.41","3,743.11","247.96K","1.15%"
"05/06/2024","3,865.14","3,810.35","3,885.15","3,778.13","288.18K","1.44%"
"06/06/2024","3,812.95","3,865.15","3,878.28","3,765.23","251.82K","-1.35%"
"07/06/2024","3,678.37","3,812.95","3,840.88","3,608.44","384.78K","-3.53%"
"08/06/2024","3,681.59","3,678.36","3,709.44","3,670.34","147.95K","0.09%"
"09/06/2024","3,706.32","3,681.59","3,719.02","3,668.45","108.79K","0.67%"
"10/06/2024","3,667.85","3,706.32","3,711.90","3,650.33","165.29K","-1.04%"
"11/06/2024","3,498.00","3,667.85","3,672.92","3,433.20","477.11K","-4.63%"
"12/06/2024","3,559.95","3,497.99","3,652.79","3,464.17","418.36K","1.77%"
"13/06/2024","3,470.15","3,559.95","3,561.15","3,433.13","316.98K","-2.52%"
"14/06/2024","3,481.84","3,470.16","3,530.94","3,368.09","339.90K","0.34%"
"15/06/2024","3,568.72","3,481.75","3,592.84","3,474.26","256.22K","2.50%"
"16/06/2024","3,625.11","3,568.74","3,650.11","3,541.46","156.55K","1.58%"
"17/06/2024","3,511.52","3,625.11","3,636.99","3,470.65","356.79K","-3.13%"
"18/06/2024","3,484.55","3,511.52","3,515.87","3,373.14","480.08K","-0.77%"
"19/06/2024","3,561.30","3,484.57","3,585.80","3,466.82","346.10K","2.20%"
"20/06/2024","3,512.91","3,561.24","3,624.46","3,486.58","371.29K","-1.36%"
"21/06/2024","3,518.03","3,512.95","3,543.69","3,447.50","392.71K","0.15%"
"22/06/2024","3,495.87","3,518.03","3,520.80","3,476.08","158.47K","-0.63%"
"23/06/2024","3,420.84","3,495.96","3,520.35","3,410.03","191.03K","-2.15%"
"24/06/2024","3,352.29","3,420.83","3,433.89","3,245.76","601.35K","-2.00%"
"25/06/2024","3,395.03","3,352.26","3,424.88","3,337.14","275.47K","1.28%"
"26/06/2024","3,370.72","3,395.03","3,424.75","3,328.42","250.14K","-0.72%"
"27/06/2024","3,450.45","3,370.79","3,472.72","3,364.08","217.37K","2.37%"
"28/06/2024","3,380.15","3,450.45","3,487.12","3,369.65","238.05K","-2.04%"
"29/06/2024","3,378.60","3,380.17","3,408.32","3,374.78","95.20K","-0.05%"
"30/06/2024","3,437.84","3,378.60","3,459.12","3,356.74","150.94K","1.75%"
"01/07/2024","3,442.67","3,437.84","3,522.00","3,426.69","241.71K","0.14%"
"02/07/2024","3,421.71","3,442.66","3,463.90","3,402.98","149.31K","-0.61%"
"03/07/2024","3,295.13","3,421.71","3,432.12","3,256.31","356.89K","-3.70%"
"04/07/2024","3,057.81","3,295.13","3,313.23","3,052.15","510.41K","-7.20%"
"05/07/2024","2,981.40","3,057.85","3,108.66","2,822.44","940.65K","-2.50%"
"06/07/2024","3,068.79","2,981.40","3,080.16","2,955.65","225.18K","2.93%"
"07/07/2024","2,930.48","3,068.79","3,072.32","2,923.63","194.87K","-4.51%"
"08/07/2024","3,019.64","2,930.48","3,084.20","2,826.32","517.87K","3.04%"
"09/07/2024","3,065.11","3,019.64","3,108.63","3,004.62","292.94K","1.51%"
"10/07/2024","3,101.17","3,065.11","3,149.76","3,026.42","281.44K","1.18%"
"11/07/2024","3,099.82","3,101.17","3,214.07","3,057.55","299.18K","-0.04%"
"12/07/2024","3,133.33","3,099.82","3,157.43","3,048.61","195.63K","1.08%"
"13/07/2024","3,175.10","3,134.15","3,200.12","3,113.52","125.08K","1.33%"
"14/07/2024","3,243.50","3,175.10","3,265.80","3,165.38","171.44K","2.15%"
"15/07/2024","3,484.78","3,243.50","3,490.89","3,233.77","329.57K","7.44%"
"16/07/2024","3,442.99","3,483.50","3,494.60","3,347.85","392.52K","-1.20%"
"17/07/2024","3,387.81","3,443.02","3,514.65","3,378.55","312.39K","-1.60%"
"18/07/2024","3,425.94","3,387.83","3,489.43","3,374.48","256.50K","1.13%"
"19/07/2024","3,504.42","3,425.95","3,539.42","3,377.94","317.73K","2.29%"
"20/07/2024","3,517.04","3,504.42","3,538.32","3,480.08","157.77K","0.36%"
"21/07/2024","3,535.55","3,517.04","3,544.71","3,415.57","230.63K","0.53%"
"22/07/2024","3,440.01","3,535.55","3,559.66","3,424.86","219.41K","-2.70%"
"23/07/2024","3,482.54","3,440.01","3,537.89","3,396.70","521.07K","1.24%"
"24/07/2024","3,335.33","3,482.54","3,487.04","3,311.80","292.51K","-4.23%"
"25/07/2024","3,175.52","3,335.33","3,342.15","3,089.07","524.98K","-4.79%"
"26/07/2024","3,275.12","3,175.52","3,285.72","3,173.08","281.13K","3.14%"
"27/07/2024","3,247.06","3,275.12","3,326.91","3,199.80","247.90K","-0.86%"
"28/07/2024","3,270.32","3,248.83","3,282.54","3,201.64","113.09K","0.72%"
"29/07/2024","3,318.24","3,270.32","3,396.70","3,260.86","340.45K","1.47%"
"30/07/2024","3,278.94","3,318.24","3,366.02","3,237.67","210.28K","-1.18%"
"31/07/2024","3,231.84","3,278.94","3,348.63","3,216.48","255.01K","-1.44%"
"01/08/2024","3,204.93","3,231.81","3,242.07","3,082.01","350.33K","-0.83%"
"02/08/2024","2,990.32","3,203.37","3,217.36","2,967.43","415.57K","-6.70%"
"03/08/2024","2,904.59","2,990.32","3,017.57","2,863.44","371.14K","-2.87%"
"04/08/2024","2,688.55","2,904.59","2,931.40","2,639.79","543.64K","-7.44%"
"05/08/2024","2,415.99","2,688.59","2,696.91","2,166.31","2.81M","-10.14%"
"06/08/2024","2,461.92","2,415.98","2,548.23","2,415.98","691.59K","1.90%"
"07/08/2024","2,337.83","2,461.84","2,550.36","2,311.79","671.86K","-5.04%"
"08/08/2024","2,683.84","2,342.81","2,716.50","2,322.98","626.93K","14.80%"
"09/08/2024","2,598.90","2,682.25","2,703.80","2,556.98","443.65K","-3.16%"
"10/08/2024","2,610.24","2,598.79","2,640.46","2,579.59","186.39K","0.44%"
"11/08/2024","2,553.57","2,609.91","2,713.68","2,545.99","319.79K","-2.17%"
"12/08/2024","2,722.64","2,553.57","2,747.46","2,518.31","516.79K","6.62%"
"13/08/2024","2,702.95","2,722.66","2,737.55","2,612.80","351.28K","-0.72%"
"14/08/2024","2,662.95","2,702.44","2,761.71","2,636.00","365.55K","-1.48%"
"15/08/2024","2,569.44","2,662.95","2,675.13","2,525.00","387.82K","-3.51%"
"16/08/2024","2,592.38","2,569.90","2,627.47","2,552.92","305.13K","0.89%"
"17/08/2024","2,614.35","2,592.38","2,626.62","2,588.44","104.83K","0.85%"
"18/08/2024","2,612.10","2,614.35","2,682.09","2,596.76","197.89K","-0.09%"
"19/08/2024","2,637.10","2,612.10","2,647.65","2,565.17","252.46K","0.96%"
"20/08/2024","2,572.90","2,637.10","2,692.61","2,557.87","342.51K","-2.43%"
"21/08/2024","2,630.67","2,572.74","2,659.21","2,541.32","303.58K","2.25%"
"22/08/2024","2,623.06","2,630.67","2,644.06","2,587.15","237.74K","-0.29%"
"23/08/2024","2,762.86","2,623.06","2,794.82","2,622.15","456.21K","5.33%"
"24/08/2024","2,768.49","2,763.04","2,818.05","2,735.78","296.76K","0.20%"
"25/08/2024","2,747.99","2,768.90","2,792.11","2,734.78","175.38K","-0.74%"
"26/08/2024","2,680.30","2,746.10","2,761.69","2,668.63","250.08K","-2.46%"
"27/08/2024","2,457.99","2,680.18","2,699.73","2,396.02","477.20K","-8.29%"
"28/08/2024","2,527.73","2,457.92","2,553.02","2,421.79","515.14K","2.84%"
"29/08/2024","2,528.72","2,527.78","2,594.63","2,509.17","270.41K","0.04%"
"30/08/2024","2,525.45","2,528.49","2,540.79","2,436.95","378.49K","-0.13%"
"31/08/2024","2,513.56","2,525.47","2,532.93","2,493.84","115.17K","-0.47%"
"01/09/2024","2,427.49","2,513.06","2,515.77","2,403.61","250.52K","-3.42%"
"02/09/2024","2,538.35","2,427.35","2,560.67","2,425.66","299.34K","4.57%"
"03/09/2024","2,423.40","2,538.35","2,551.94","2,419.89","250.97K","-4.53%"
"04/09/2024","2,450.18","2,423.41","2,488.86","2,317.85","422.18K","1.11%"
"05/09/2024","2,369.18","2,450.74","2,465.66","2,351.72","316.78K","-3.31%"
"06/09/2024","2,225.72","2,368.86","2,407.07","2,151.80","723.22K","-6.06%"
"07/09/2024","2,274.87","2,225.69","2,310.57","2,222.93","259.55K","2.21%"
"08/09/2024","2,296.19","2,273.70","2,331.99","2,243.34","233.21K","0.94%"
"09/09/2024","2,359.60","2,296.24","2,377.64","2,274.51","375.74K","2.76%"
"10/09/2024","2,387.71","2,359.55","2,397.10","2,323.91","263.70K","1.19%"
"11/09/2024","2,340.19","2,387.98","2,388.40","2,279.00","333.29K","-1.99%"
"12/09/2024","2,361.79","2,340.33","2,387.25","2,316.39","249.29K","0.92%"
"13/09/2024","2,440.12","2,361.79","2,459.47","2,337.76","302.56K","3.32%"
"14/09/2024","2,417.56","2,439.29","2,440.40","2,384.99","154.06K","-0.92%"
"15/09/2024","2,317.04","2,417.56","2,428.91","2,294.55","211.27K","-4.16%"
"16/09/2024","2,295.72","2,317.04","2,334.45","2,254.52","385.30K","-0.92%"
"17/09/2024","2,341.82","2,295.72","2,392.33","2,264.52","324.97K","2.01%"
"18/09/2024","2,372.18","2,341.83","2,372.54","2,278.97","346.21K","1.30%"
"19/09/2024","2,464.49","2,374.95","2,491.54","2,373.22","383.18K","3.89%"
"20/09/2024","2,561.79","2,464.52","2,570.58","2,438.98","411.52K","3.95%"
"21/09/2024","2,613.35","2,561.29","2,619.81","2,530.28","184.26K","2.01%"
"22/09/2024","2,582.35","2,613.25","2,631.37","2,527.75","233.74K","-1.19%"
"23/09/2024","2,647.65","2,581.06","2,701.60","2,544.68","369.37K","2.53%"
"24/09/2024","2,652.50","2,647.65","2,669.32","2,593.31","330.16K","0.18%"
"25/09/2024","2,580.34","2,652.47","2,672.17","2,557.82","244.76K","-2.72%"
"26/09/2024","2,632.05","2,580.29","2,664.95","2,560.48","311.52K","2.00%"
"27/09/2024","2,694.53","2,632.05","2,726.69","2,616.01","304.78K","2.37%"
"28/09/2024","2,675.71","2,694.53","2,703.83","2,651.38","145.42K","-0.70%"
"29/09/2024","2,657.67","2,675.71","2,683.73","2,634.69","171.03K","-0.67%"
"30/09/2024","2,603.48","2,657.67","2,661.71","2,579.32","308.41K","-2.04%"
"01/10/2024","2,449.67","2,602.30","2,656.71","2,422.11","535.54K","-5.91%"
"02/10/2024","2,365.57","2,449.65","2,498.70","2,355.21","343.59K","-3.43%"
"03/10/2024","2,349.67","2,365.53","2,402.68","2,311.68","344.36K","-0.67%"
"04/10/2024","2,414.43","2,349.67","2,440.74","2,339.97","263.74K","2.76%"
"05/10/2024","2,414.98","2,414.44","2,427.34","2,390.08","114.50K","0.02%"
"06/10/2024","2,440.33","2,414.98","2,455.95","2,407.13","120.24K","1.05%"
"07/10/2024","2,422.75","2,440.33","2,520.05","2,407.05","324.83K","-0.72%"
"08/10/2024","2,440.93","2,422.73","2,461.96","2,403.20","221.59K","0.75%"
"09/10/2024","2,370.13","2,440.91","2,472.03","2,355.24","268.06K","-2.90%"
"10/10/2024","2,385.40","2,370.10","2,417.90","2,353.08","288.05K","0.64%"
"11/10/2024","2,436.73","2,385.40","2,470.65","2,382.22","254.87K","2.15%"
"12/10/2024","2,476.48","2,436.77","2,489.53","2,434.39","150.00K","1.63%"
"13/10/2024","2,468.92","2,476.46","2,484.13","2,437.44","130.46K","-0.31%"
"14/10/2024","2,630.54","2,468.94","2,651.52","2,444.63","474.24K","6.55%"
"15/10/2024","2,607.84","2,630.54","2,682.02","2,540.15","442.58K","-0.86%"
"16/10/2024","2,611.09","2,607.79","2,645.42","2,589.72","280.52K","0.12%"
"17/10/2024","2,605.53","2,611.09","2,646.96","2,578.23","242.98K","-0.21%"
"18/10/2024","2,641.72","2,605.53","2,675.17","2,596.72","315.00K","1.39%"
"19/10/2024","2,647.39","2,641.72","2,662.63","2,631.27","113.68K","0.21%"
"20/10/2024","2,747.28","2,647.42","2,757.52","2,635.82","280.67K","3.77%"
"21/10/2024","2,666.66","2,747.28","2,766.10","2,656.65","336.97K","-2.93%"
"22/10/2024","2,621.79","2,666.66","2,671.28","2,607.54","293.69K","-1.68%"
"23/10/2024","2,526.10","2,622.91","2,625.51","2,463.67","385.15K","-3.65%"
"24/10/2024","2,535.87","2,524.64","2,561.75","2,508.98","312.65K","0.39%"
"25/10/2024","2,441.18","2,535.87","2,564.13","2,386.98","550.79K","-3.73%"
"26/10/2024","2,482.52","2,441.20","2,506.39","2,430.77","265.53K","1.69%"
"27/10/2024","2,507.39","2,482.52","2,525.37","2,465.72","148.63K","1.00%"
"28/10/2024","2,567.41","2,507.82","2,587.71","2,473.03","393.16K","2.39%"
"29/10/2024","2,638.64","2,567.41","2,679.50","2,561.32","486.72K","2.77%"
"30/10/2024","2,658.62","2,638.64","2,719.90","2,600.61","494.31K","0.76%"
"31/10/2024","2,519.14","2,658.62","2,668.39","2,506.64","432.07K","-5.25%"
"01/11/2024","2,511.96","2,519.14","2,584.17","2,471.45","463.34K","-0.28%"
"02/11/2024","2,492.45","2,511.96","2,523.41","2,472.02","158.36K","-0.78%"
"03/11/2024","2,457.68","2,492.54","2,496.33","2,411.72","305.38K","-1.39%"
"04/11/2024","2,398.95","2,457.68","2,490.21","2,362.91","335.81K","-2.39%"
"05/11/2024","2,422.50","2,398.95","2,478.74","2,380.80","365.02K","0.98%"
"06/11/2024","2,721.85","2,422.50","2,740.34","2,422.03","1.07M","12.36%"
"07/11/2024","2,894.13","2,721.85","2,914.81","2,700.01","784.35K","6.33%"
"08/11/2024","2,961.34","2,894.20","2,981.51","2,887.19","598.52K","2.32%"
"09/11/2024","3,127.69","2,961.62","3,153.38","2,954.56","560.62K","5.62%"
"10/11/2024","3,186.05","3,126.25","3,247.49","3,076.40","925.65K","1.87%"
"11/11/2024","3,372.13","3,185.97","3,384.62","3,107.45","1.06M","5.84%"
"12/11/2024","3,242.44","3,372.15","3,440.05","3,209.16","1.04M","-3.85%"
"13/11/2024","3,187.02","3,244.57","3,326.89","3,117.79","988.07K","-1.71%"
"14/11/2024","3,058.22","3,187.02","3,238.39","3,038.03","661.29K","-4.04%"
"15/11/2024","3,089.45","3,058.15","3,128.59","3,015.75","557.27K","1.02%"
"16/11/2024","3,132.00","3,089.44","3,215.90","3,072.83","456.29K","1.38%"
"17/11/2024","3,075.42","3,132.04","3,160.10","3,037.49","485.17K","-1.81%"
"18/11/2024","3,207.46","3,075.42","3,220.65","3,052.29","698.67K","4.29%"
"19/11/2024","3,105.97","3,207.54","3,219.80","3,066.26","549.16K","-3.16%"
"20/11/2024","3,069.72","3,106.07","3,158.15","3,030.91","550.53K","-1.17%"
"21/11/2024","3,356.43","3,069.96","3,386.41","3,034.44","1.06M","9.34%"
"22/11/2024","3,327.77","3,356.42","3,424.47","3,261.04","661.77K","-0.85%"
"23/11/2024","3,393.91","3,327.68","3,495.09","3,316.84","785.63K","1.99%"
"24/11/2024","3,361.41","3,393.92","3,448.58","3,285.45","525.45K","-0.96%"
"25/11/2024","3,412.18","3,361.47","3,544.71","3,301.68","1.02M","1.51%"
"26/11/2024","3,326.30","3,412.15","3,460.40","3,254.45","729.51K","-2.52%"
"27/11/2024","3,653.79","3,326.30","3,684.68","3,303.79","827.39K","9.85%"
"28/11/2024","3,578.41","3,653.26","3,661.40","3,530.79","613.22K","-2.06%"
"29/11/2024","3,592.13","3,578.42","3,642.95","3,539.02","472.94K","0.38%"
"30/11/2024","3,702.97","3,592.13","3,733.47","3,572.64","563.91K","3.09%"
"01/12/2024","3,708.33","3,702.96","3,743.78","3,660.98","465.31K","0.14%"
"02/12/2024","3,643.48","3,707.86","3,756.70","3,561.95","799.75K","-1.75%"
"03/12/2024","3,615.07","3,643.50","3,669.40","3,510.19","729.65K","-0.78%"
"04/12/2024","3,836.25","3,615.07","3,885.69","3,615.07","1.06M","6.12%"
"05/12/2024","3,785.10","3,836.23","3,950.67","3,696.83","1.05M","-1.33%"
"06/12/2024","3,999.51","3,785.07","4,084.99","3,780.34","864.64K","5.66%"
"07/12/2024","3,996.24","3,998.92","4,023.96","3,969.39","303.07K","-0.08%"
"08/12/2024","4,002.91","3,996.25","4,015.24","3,924.77","273.27K","0.17%"
"09/12/2024","3,718.98","4,002.91","4,005.08","3,550.21","1.02M","-7.09%"
"10/12/2024","3,628.94","3,718.98","3,778.81","3,521.57","1.02M","-2.42%"
"11/12/2024","3,831.41","3,628.97","3,848.02","3,564.79","509.73K","5.58%"
"12/12/2024","3,881.63","3,831.70","3,985.32","3,797.58","634.18K","1.31%"
"13/12/2024","3,909.48","3,881.57","3,966.50","3,853.92","417.74K","0.72%"
"14/12/2024","3,871.13","3,906.78","3,943.06","3,828.23","287.75K","-0.98%"
"15/12/2024","3,959.81","3,871.13","3,973.48","3,832.12","272.40K","2.29%"
"16/12/2024","3,986.91","3,959.89","4,102.90","3,885.84","726.41K","0.68%"
"17/12/2024","3,892.79","3,986.91","4,040.69","3,851.17","493.60K","-2.36%"
"18/12/2024","3,627.88","3,892.79","3,902.30","3,620.61","781.62K","-6.81%"
"19/12/2024","3,418.84","3,627.82","3,719.52","3,337.46","1.17M","-5.76%"
"20/12/2024","3,474.01","3,418.83","3,496.35","3,103.72","1.45M","1.61%"
"21/12/2024","3,338.66","3,474.05","3,555.05","3,294.00","521.99K","-3.90%"
"22/12/2024","3,281.58","3,338.72","3,401.96","3,223.39","400.57K","-1.71%"
"23/12/2024","3,422.01","3,281.58","3,463.58","3,220.10","547.74K","4.28%"
"24/12/2024","3,493.31","3,422.01","3,539.54","3,359.77","352.36K","2.08%"
"25/12/2024","3,496.49","3,493.33","3,546.29","3,442.61","259.25K","0.09%"
"26/12/2024","3,335.96","3,496.50","3,512.77","3,305.53","360.40K","-4.59%"
"27/12/2024","3,334.19","3,335.96","3,438.85","3,309.03","378.00K","-0.05%"
"28/12/2024","3,404.59","3,334.23","3,427.65","3,322.42","196.38K","2.11%"
"29/12/2024","3,355.97","3,404.53","3,412.32","3,327.45","176.43K","-1.43%"
"30/12/2024","3,361.99","3,355.97","3,436.83","3,306.11","494.99K","0.18%"
"31/12/2024","3,337.80","3,361.99","3,449.27","3,317.39","333.44K","-0.72%"
"01/01/2025","3,360.14","3,337.80","3,373.11","3,315.98","209.22K","0.67%"
"02/01/2025","3,455.19","3,360.14","3,494.60","3,355.49","362.32K","2.83%"
"03/01/2025","3,608.79","3,455.21","3,626.10","3,424.79","367.78K","4.45%"
"04/01/2025","3,656.13","3,608.79","3,669.62","3,574.98","249.81K","1.31%"
"05/01/2025","3,635.11","3,656.94","3,672.41","3,596.63","170.02K","-0.57%"
"06/01/2025","3,687.75","3,635.11","3,742.07","3,611.01","364.63K","1.45%"
"07/01/2025","3,380.56","3,687.71","3,700.71","3,358.95","589.56K","-8.33%"
"08/01/2025","3,327.14","3,380.50","3,414.89","3,218.35","638.46K","-1.58%"
"09/01/2025","3,218.15","3,327.14","3,356.69","3,160.67","543.60K","-3.28%"
"10/01/2025","3,267.08","3,218.15","3,320.94","3,197.86","500.73K","1.52%"
"11/01/2025","3,283.57","3,267.08","3,319.41","3,219.02","170.84K","0.50%"
"12/01/2025","3,267.30","3,282.89","3,299.65","3,225.06","187.61K","-0.50%"
"13/01/2025","3,137.73","3,267.52","3,337.90","2,943.61","952.50K","-3.97%"
"14/01/2025","3,224.06","3,137.77","3,254.32","3,127.34","413.87K","2.75%"
"15/01/2025","3,450.79","3,224.16","3,469.81","3,187.66","527.11K","7.03%"
"16/01/2025","3,307.00","3,450.79","3,459.88","3,267.48","536.74K","-4.17%"
"17/01/2025","3,472.84","3,307.10","3,524.96","3,307.10","574.06K","5.01%"
"18/01/2025","3,308.74","3,472.84","3,493.38","3,233.53","677.72K","-4.73%"
"19/01/2025","3,216.74","3,308.73","3,445.65","3,133.37","1.44M","-2.78%"
"20/01/2025","3,282.68","3,216.67","3,449.78","3,150.35","1.26M","2.05%"
"21/01/2025","3,328.30","3,282.74","3,364.90","3,204.77","597.36K","1.39%"
"22/01/2025","3,242.60","3,327.55","3,365.53","3,223.17","373.50K","-2.57%"
"23/01/2025","3,338.37","3,242.60","3,344.36","3,189.50","672.00K","2.95%"
"24/01/2025","3,311.05","3,338.42","3,423.71","3,276.30","497.87K","-0.82%"
"25/01/2025","3,318.14","3,311.05","3,350.22","3,272.14","225.91K","0.21%"
"26/01/2025","3,234.18","3,318.14","3,359.15","3,234.07","288.83K","-2.53%"
"27/01/2025","3,179.47","3,234.11","3,253.00","3,030.68","819.62K","-1.69%"
"28/01/2025","3,077.83","3,182.86","3,222.96","3,041.05","386.37K","-3.20%"
"29/01/2025","3,113.26","3,077.78","3,171.08","3,055.53","449.52K","1.15%"
"30/01/2025","3,247.22","3,113.26","3,281.91","3,093.23","386.53K","4.30%"
"31/01/2025","3,298.69","3,247.22","3,434.27","3,214.07","700.31K","1.59%"
"01/02/2025","3,119.13","3,298.69","3,331.28","3,102.98","377.66K","-5.44%"
"02/02/2025","2,869.75","3,116.44","3,163.03","2,788.75","1.17M","-8.00%"
"03/02/2025","2,881.90","2,869.72","2,904.34","2,261.27","3.00M","0.42%"
"04/02/2025","2,731.76","2,881.91","2,884.91","2,636.03","1.33M","-5.21%"
"05/02/2025","2,785.62","2,731.76","2,822.55","2,702.34","731.42K","1.97%"
"06/02/2025","2,688.28","2,785.69","2,854.27","2,666.71","772.85K","-3.49%"
"07/02/2025","2,622.81","2,688.28","2,797.10","2,564.79","745.29K","-2.44%"
"08/02/2025","2,631.56","2,622.81","2,666.86","2,590.08","403.82K","0.33%"
"09/02/2025","2,628.27","2,631.61","2,681.93","2,534.86","423.07K","-0.12%"
"10/02/2025","2,661.00","2,628.27","2,691.62","2,563.27","425.46K","1.24%"
"11/02/2025","2,603.11","2,661.00","2,724.50","2,579.93","521.35K","-2.18%"
"12/02/2025","2,735.91","2,603.11","2,789.88","2,553.50","689.45K","5.10%"
"13/02/2025","2,675.30","2,737.86","2,756.21","2,617.39","496.62K","-2.22%"
"14/02/2025","2,725.51","2,675.33","2,789.23","2,665.51","466.76K","1.88%"
"15/02/2025","2,693.40","2,725.51","2,738.17","2,675.51","216.63K","-1.18%"
"16/02/2025","2,662.80","2,693.04","2,724.22","2,656.73","207.06K","-1.14%"
"17/02/2025","2,743.47","2,662.78","2,845.96","2,647.51","696.20K","3.03%"
"18/02/2025","2,671.36","2,743.55","2,754.43","2,610.47","648.95K","-2.63%"
"19/02/2025","2,716.16","2,671.36","2,735.99","2,657.15","362.40K","1.68%"
"20/02/2025","2,738.03","2,716.16","2,767.27","2,707.50","372.95K","0.81%"
"21/02/2025","2,662.35","2,738.05","2,841.56","2,619.06","974.36K","-2.76%"
"22/02/2025","2,763.23","2,662.35","2,795.29","2,654.73","485.01K","3.79%"
"23/02/2025","2,819.69","2,763.23","2,837.98","2,745.96","655.96K","2.04%"
"24/02/2025","2,510.94","2,819.69","2,838.22","2,493.73","959.09K","-10.95%"
"25/02/2025","2,496.06","2,511.04","2,533.18","2,339.46","1.44M","-0.59%"
"26/02/2025","2,337.98","2,496.06","2,507.13","2,258.60","933.33K","-6.33%"
"27/02/2025","2,294.03","2,337.98","2,379.59","2,279.21","773.52K","-1.88%"